clip,pitch,gt_onset,gt_key_release,gt_pedal_release,onset,upstream_offset,raw_candidate_offset,A,B,C,D,error_A,error_B,error_C,error_D,pedal_error_A,pedal_error_B,pedal_error_C,pedal_error_D,decoder_reason,decoder_boundary,decoder_begin_frame,decoder_end_frame,audio_duration,segment_end,terminal_silence_start,reason_B,reason_C,reason_D,accepted_peaks,predicted_pedal_events
long_notes_sustain,48,0.5,2.5,2.5,0.4960247576236725,2.833732843399048,2.833732886016369,2.833732843399048,2.833732843399048,2.833732843399048,2.833732843399048,0.33373284339904785,0.33373284339904785,0.33373284339904785,0.33373284339904785,0.33373284339904785,0.33373284339904785,0.33373284339904785,0.33373284339904785,offset_peak_after_midpoint,False,50,283,8.057375,10.0,6.03859410430839,accepted_offset_peak_frame_283,accepted_offset_peak_frame_283,not_a_decoder_boundary,"[{""frame"": 283, ""time"": 2.833732886016369, ""score"": 0.44548749923706055}]","[{""onset_time"": 0.019999999552965164, ""offset_time"": 0.1899999976158142}]"
long_notes_sustain,55,1.0,2.8,2.8,0.999297559261322,2.835965156555176,2.8359651625156403,2.835965156555176,2.835965156555176,2.835965156555176,2.835965156555176,0.03596515655517596,0.03596515655517596,0.03596515655517596,0.03596515655517596,0.03596515655517596,0.03596515655517596,0.03596515655517596,0.03596515655517596,offset_peak_after_midpoint,False,100,284,8.057375,10.0,6.03859410430839,accepted_offset_peak_frame_284,accepted_offset_peak_frame_284,not_a_decoder_boundary,"[{""frame"": 284, ""time"": 2.8359651625156403, ""score"": 0.5203551650047302}]","[{""onset_time"": 0.019999999552965164, ""offset_time"": 0.1899999976158142}]"
long_notes_sustain,60,3.1,3.35,5.0,3.10111927986145,5.989999771118164,,5.989999771118164,5.989999771118164,5.989999771118164,5.989999771118164,2.639999771118164,2.639999771118164,2.639999771118164,2.639999771118164,0.9899997711181641,0.9899997711181641,0.9899997711181641,0.9899997711181641,frame_disappearance,False,310,599,8.057375,10.0,6.03859410430839,no_usable_accepted_offset_peak,not_a_decoder_boundary,not_a_decoder_boundary,[],"[{""onset_time"": 0.019999999552965164, ""offset_time"": 0.1899999976158142}]"
long_notes_sustain,64,3.5,3.75,5.0,3.4978199005126953,5.033909797668457,5.033909731507301,5.033909797668457,5.033909797668457,5.033909797668457,5.033909797668457,1.283909797668457,1.283909797668457,1.283909797668457,1.283909797668457,0.03390979766845703,0.03390979766845703,0.03390979766845703,0.03390979766845703,offset_peak_after_midpoint,False,350,503,8.057375,10.0,6.03859410430839,accepted_offset_peak_frame_503,accepted_offset_peak_frame_503,not_a_decoder_boundary,"[{""frame"": 503, ""time"": 5.033909731507301, ""score"": 0.48488250374794006}]","[{""onset_time"": 0.019999999552965164, ""offset_time"": 0.1899999976158142}]"
long_notes_sustain,67,3.9,4.15,5.0,3.9051926136016846,9.90999984741211,,8.057375,8.057375,6.03859410430839,6.03859410430839,3.907375,3.907375,1.8885941043083898,1.8885941043083898,3.0573750000000004,3.0573750000000004,1.0385941043083902,1.0385941043083902,six_second_cap,True,391,991,8.057375,10.0,6.03859410430839,no_usable_accepted_offset_peak,decoder_boundary_bounded_by_exact_terminal_silence,decoder_boundary_bounded_by_exact_terminal_silence,[],"[{""onset_time"": 0.019999999552965164, ""offset_time"": 0.1899999976158142}]"
melody_repeated,60,0.5,0.8,0.8,0.5078946948051453,0.8244699239730835,0.8244699344038964,0.8244699239730835,0.8244699239730835,0.8244699239730835,0.8244699239730835,0.02446992397308345,0.02446992397308345,0.02446992397308345,0.02446992397308345,0.02446992397308345,0.02446992397308345,0.02446992397308345,0.02446992397308345,offset_peak_after_midpoint,False,51,82,7.0124375,10.0,4.644671201814059,accepted_offset_peak_frame_82,accepted_offset_peak_frame_82,not_a_decoder_boundary,"[{""frame"": 82, ""time"": 0.8244699344038964, ""score"": 0.5076205730438232}, {""frame"": 90, ""time"": 0.9026928427815437, ""score"": 0.49649035930633545}, {""frame"": 360, ""time"": 3.6028025367856027, ""score"": 0.639017641544342}, {""frame"": 463, ""time"": 4.632464416325092, ""score"": 0.5615180730819702}]",[]
melody_repeated,62,0.9,1.2,1.2,0.9000171422958374,1.2145771980285645,1.214577220082283,1.2145771980285645,1.2145771980285645,1.2145771980285645,1.2145771980285645,0.014577198028564498,0.014577198028564498,0.014577198028564498,0.014577198028564498,0.014577198028564498,0.014577198028564498,0.014577198028564498,0.014577198028564498,offset_peak_after_midpoint,False,90,121,7.0124375,10.0,4.644671201814059,accepted_offset_peak_frame_121,accepted_offset_peak_frame_121,not_a_decoder_boundary,"[{""frame"": 121, ""time"": 1.214577220082283, ""score"": 0.44992882013320923}, {""frame"": 322, ""time"": 3.223533897101879, ""score"": 0.3949511647224426}]",[]
melody_repeated,64,1.3,1.6,1.6,1.2972491979599,1.6399999856948853,,1.6399999856948853,1.6399999856948853,1.6399999856948853,1.6399999856948853,0.039999985694885165,0.039999985694885165,0.039999985694885165,0.039999985694885165,0.039999985694885165,0.039999985694885165,0.039999985694885165,0.039999985694885165,frame_disappearance,False,130,164,7.0124375,10.0,4.644671201814059,no_usable_accepted_offset_peak,not_a_decoder_boundary,not_a_decoder_boundary,[],[]
melody_repeated,67,1.7000000000000002,2.0,2.0,1.7047091722488403,2.0899999141693115,1.982025091946125,2.0899999141693115,1.982025091946125,1.982025091946125,2.0899999141693115,0.08999991416931152,-0.017974908053874916,-0.017974908053874916,0.08999991416931152,0.08999991416931152,-0.017974908053874916,-0.017974908053874916,0.08999991416931152,next_onset,False,170,209,7.0124375,10.0,4.644671201814059,accepted_offset_peak_frame_198,accepted_offset_peak_frame_198,not_a_decoder_boundary,"[{""frame"": 198, ""time"": 1.982025091946125, ""score"": 0.47666847705841064}, {""frame"": 242, ""time"": 2.4202389064058663, ""score"": 0.46388161182403564}]",[]
melody_repeated,67,2.1,2.4,2.4,2.1049749851226807,2.420238971710205,2.4202389064058663,2.420238971710205,2.420238971710205,2.420238971710205,2.420238971710205,0.020238971710205167,0.020238971710205167,0.020238971710205167,0.020238971710205167,0.020238971710205167,0.020238971710205167,0.020238971710205167,0.020238971710205167,offset_peak_after_midpoint,False,210,242,7.0124375,10.0,4.644671201814059,accepted_offset_peak_frame_242,accepted_offset_peak_frame_242,not_a_decoder_boundary,"[{""frame"": 242, ""time"": 2.4202389064058663, ""score"": 0.46388161182403564}]",[]
melody_repeated,64,2.5,2.8,2.8,2.4971466064453125,2.8399999141693115,,2.8399999141693115,2.8399999141693115,2.8399999141693115,2.8399999141693115,0.0399999141693117,0.0399999141693117,0.0399999141693117,0.0399999141693117,0.0399999141693117,0.0399999141693117,0.0399999141693117,0.0399999141693117,frame_disappearance,False,250,284,7.0124375,10.0,4.644671201814059,no_usable_accepted_offset_peak,not_a_decoder_boundary,not_a_decoder_boundary,[],[]
melody_repeated,62,2.9,3.1999999999999997,3.1999999999999997,2.8990304470062256,3.223533868789673,3.223533897101879,3.223533868789673,3.223533868789673,3.223533868789673,3.223533868789673,0.023533868789673118,0.023533868789673118,0.023533868789673118,0.023533868789673118,0.023533868789673118,0.023533868789673118,0.023533868789673118,0.023533868789673118,offset_peak_after_midpoint,False,290,322,7.0124375,10.0,4.644671201814059,accepted_offset_peak_frame_322,accepted_offset_peak_frame_322,not_a_decoder_boundary,"[{""frame"": 322, ""time"": 3.223533897101879, ""score"": 0.3949511647224426}]",[]
melody_repeated,60,3.3,3.5999999999999996,3.5999999999999996,3.2987639904022217,4.639999866485596,3.6028025367856027,4.639999866485596,3.6028025367856027,3.6028025367856027,4.639999866485596,1.039999866485596,0.002802536785603049,0.002802536785603049,1.039999866485596,1.039999866485596,0.002802536785603049,0.002802536785603049,1.039999866485596,frame_disappearance,False,330,464,7.0124375,10.0,4.644671201814059,accepted_offset_peak_frame_360,accepted_offset_peak_frame_360,not_a_decoder_boundary,"[{""frame"": 360, ""time"": 3.6028025367856027, ""score"": 0.639017641544342}, {""frame"": 463, ""time"": 4.632464416325092, ""score"": 0.5615180730819702}]",[]
overlapping_chords,60,0.5,1.7,1.7,0.5101462006568909,2.8399999141693115,,2.8399999141693115,2.8399999141693115,2.8399999141693115,2.8399999141693115,1.1399999141693116,1.1399999141693116,1.1399999141693116,1.1399999141693116,1.1399999141693116,1.1399999141693116,1.1399999141693116,1.1399999141693116,frame_disappearance,False,51,284,6.014,10.0,3.8225850340136054,no_usable_accepted_offset_peak,not_a_decoder_boundary,not_a_decoder_boundary,[],"[{""onset_time"": 0.019999999552965164, ""offset_time"": 0.05000000074505806}]"
overlapping_chords,64,0.5,1.7,1.7,0.5106014013290405,2.8130736351013184,2.8130735862255096,2.8130736351013184,2.8130736351013184,2.8130736351013184,2.8130736351013184,1.1130736351013184,1.1130736351013184,1.1130736351013184,1.1130736351013184,1.1130736351013184,1.1130736351013184,1.1130736351013184,1.1130736351013184,offset_peak_after_midpoint,False,51,281,6.014,10.0,3.8225850340136054,accepted_offset_peak_frame_281,accepted_offset_peak_frame_281,not_a_decoder_boundary,"[{""frame"": 281, ""time"": 2.8130735862255096, ""score"": 0.3857896625995636}]","[{""onset_time"": 0.019999999552965164, ""offset_time"": 0.05000000074505806}]"
overlapping_chords,67,0.5,1.7,1.7,0.5073660612106323,2.809999942779541,,2.809999942779541,2.809999942779541,2.809999942779541,2.809999942779541,1.109999942779541,1.109999942779541,1.109999942779541,1.109999942779541,1.109999942779541,1.109999942779541,1.109999942779541,1.109999942779541,frame_disappearance,False,51,281,6.014,10.0,3.8225850340136054,no_usable_accepted_offset_peak,not_a_decoder_boundary,not_a_decoder_boundary,[],"[{""onset_time"": 0.019999999552965164, ""offset_time"": 0.05000000074505806}]"
overlapping_chords,62,1.4,2.8,2.8,1.4023507833480835,7.059999942779541,3.8047871071100237,6.014,3.8047871071100237,3.8047871071100237,6.014,3.2140000000000004,1.0047871071100238,1.0047871071100238,3.2140000000000004,3.2140000000000004,1.0047871071100238,1.0047871071100238,3.2140000000000004,frame_disappearance,False,140,706,6.014,10.0,3.8225850340136054,accepted_offset_peak_frame_380,accepted_offset_peak_frame_380,not_a_decoder_boundary,"[{""frame"": 380, ""time"": 3.8047871071100237, ""score"": 0.3650710880756378}]","[{""onset_time"": 0.019999999552965164, ""offset_time"": 0.05000000074505806}]"
overlapping_chords,65,1.4,2.8,2.8,1.4025390148162842,7.400000095367432,,6.014,6.014,3.8225850340136054,3.8225850340136054,3.2140000000000004,3.2140000000000004,1.0225850340136056,1.0225850340136056,3.2140000000000004,3.2140000000000004,1.0225850340136056,1.0225850340136056,six_second_cap,True,140,740,6.014,10.0,3.8225850340136054,no_usable_accepted_offset_peak,decoder_boundary_bounded_by_exact_terminal_silence,decoder_boundary_bounded_by_exact_terminal_silence,[],"[{""onset_time"": 0.019999999552965164, ""offset_time"": 0.05000000074505806}]"
overlapping_chords,69,1.4,2.8,2.8,1.4018973112106323,2.8064212799072266,2.8064212915301323,2.8064212799072266,2.8064212799072266,2.8064212799072266,2.8064212799072266,0.00642127990722674,0.00642127990722674,0.00642127990722674,0.00642127990722674,0.00642127990722674,0.00642127990722674,0.00642127990722674,0.00642127990722674,offset_peak_after_midpoint,False,140,281,6.014,10.0,3.8225850340136054,accepted_offset_peak_frame_281,accepted_offset_peak_frame_281,not_a_decoder_boundary,"[{""frame"": 281, ""time"": 2.8064212915301323, ""score"": 0.48540061712265015}]","[{""onset_time"": 0.019999999552965164, ""offset_time"": 0.05000000074505806}]"
single_notes,60,0.5,1.0,1.0,0.508000910282135,0.9985863566398621,0.9985863639414311,0.9985863566398621,0.9985863566398621,0.9985863566398621,0.9985863566398621,-0.0014136433601379395,-0.0014136433601379395,-0.0014136433601379395,-0.0014136433601379395,-0.0014136433601379395,-0.0014136433601379395,-0.0014136433601379395,-0.0014136433601379395,offset_peak_after_midpoint,False,51,100,7.058875,10.0,5.045986394557823,accepted_offset_peak_frame_100,accepted_offset_peak_frame_100,not_a_decoder_boundary,"[{""frame"": 100, ""time"": 0.9985863639414311, ""score"": 0.579810380935669}]",[]
single_notes,64,1.5,2.0,2.0,1.5003056526184082,2.0037081241607666,2.0037081199884414,2.0037081241607666,2.0037081241607666,2.0037081241607666,2.0037081241607666,0.0037081241607666016,0.0037081241607666016,0.0037081241607666016,0.0037081241607666016,0.0037081241607666016,0.0037081241607666016,0.0037081241607666016,0.0037081241607666016,offset_peak_after_midpoint,False,150,200,7.058875,10.0,5.045986394557823,accepted_offset_peak_frame_200,accepted_offset_peak_frame_200,not_a_decoder_boundary,"[{""frame"": 200, ""time"": 2.0037081199884414, ""score"": 0.7255321741104126}]",[]
single_notes,67,2.5,3.0,3.0,2.504035234451294,3.180000066757202,,3.180000066757202,3.180000066757202,3.180000066757202,3.180000066757202,0.18000006675720215,0.18000006675720215,0.18000006675720215,0.18000006675720215,0.18000006675720215,0.18000006675720215,0.18000006675720215,0.18000006675720215,frame_disappearance,False,250,318,7.058875,10.0,5.045986394557823,no_usable_accepted_offset_peak,not_a_decoder_boundary,not_a_decoder_boundary,[],[]
single_notes,71,3.5,4.0,4.0,3.499608278274536,5.010000228881836,3.984769412279129,5.010000228881836,3.984769412279129,3.984769412279129,5.010000228881836,1.010000228881836,-0.015230587720870936,-0.015230587720870936,1.010000228881836,1.010000228881836,-0.015230587720870936,-0.015230587720870936,1.010000228881836,frame_disappearance,False,350,501,7.058875,10.0,5.045986394557823,accepted_offset_peak_frame_398,accepted_offset_peak_frame_398,not_a_decoder_boundary,"[{""frame"": 398, ""time"": 3.984769412279129, ""score"": 0.406657338142395}, {""frame"": 502, ""time"": 5.023762603700161, ""score"": 0.7536768913269043}]",[]
