ground_truth_notes,predicted_notes,TP,FP,FN,precision,recall,F1,pitch_TP,pitch_FP,pitch_FN,pitch_precision,pitch_recall,pitch_F1,onset_TP,onset_FP,onset_FN,onset_precision,onset_recall,onset_F1,offset_TP,offset_FP,offset_FN,offset_precision,offset_recall,offset_F1,onset_mae_ms,onset_median_abs_ms,onset_bias_ms,offset_mae_ms,offset_median_abs_ms,offset_bias_ms,sustain_offset_mae_ms,sustain_offset_median_abs_ms,sustain_offset_bias_ms,velocity_mae,velocity_median_abs,offset_max_abs_ms,sustain_offset_max_abs_ms,onset_max_abs_ms,offset_gt250ms,offset_gt500ms,offset_gt1s,offset_early,offset_late,effective_early,effective_late,audio_end_exact,audio_end_near10ms,key_censored_matches,effective_censored_matches,case,category,variant,capFrames,changed_offsets,upstreamBeyondAudio,canonicalBeyondAudio
1,1,1,0,0,1.0,1.0,1.0,1,0,0,1.0,1.0,1.0,1,0,0,1.0,1.0,1.0,1,0,0,1.0,1.0,1.0,6.234505535099744,6.234505535099744,-6.234505535099744,14.099211066773254,14.099211066773254,-14.099211066773254,14.099211066773254,14.099211066773254,-14.099211066773254,,,14.099211066773254,14.099211066773254,6.234505535099744,0,0,0,0,0,0,0,0,0,0,0,01_isolated,isolated,A_600,600,0,0,0
1,1,1,0,0,1.0,1.0,1.0,1,0,0,1.0,1.0,1.0,1,0,0,1.0,1.0,1.0,1,0,0,1.0,1.0,1.0,6.234505535099744,6.234505535099744,-6.234505535099744,14.099211066773254,14.099211066773254,-14.099211066773254,14.099211066773254,14.099211066773254,-14.099211066773254,,,14.099211066773254,14.099211066773254,6.234505535099744,0,0,0,0,0,0,0,0,0,0,0,01_isolated,isolated,B_1200,1200,0,0,0
1,1,1,0,0,1.0,1.0,1.0,1,0,0,1.0,1.0,1.0,1,0,0,1.0,1.0,1.0,1,0,0,1.0,1.0,1.0,6.234505535099744,6.234505535099744,-6.234505535099744,14.099211066773254,14.099211066773254,-14.099211066773254,14.099211066773254,14.099211066773254,-14.099211066773254,,,14.099211066773254,14.099211066773254,6.234505535099744,0,0,0,0,0,0,0,0,0,0,0,01_isolated,isolated,C_3000,3000,0,0,0
1,1,1,0,0,1.0,1.0,1.0,1,0,0,1.0,1.0,1.0,1,0,0,1.0,1.0,1.0,1,0,0,1.0,1.0,1.0,6.234505535099744,6.234505535099744,-6.234505535099744,14.099211066773254,14.099211066773254,-14.099211066773254,14.099211066773254,14.099211066773254,-14.099211066773254,,,14.099211066773254,14.099211066773254,6.234505535099744,0,0,0,0,0,0,0,0,0,0,0,01_isolated,isolated,D_no_cap,,0,0,0
1,1,1,0,0,1.0,1.0,1.0,1,0,0,1.0,1.0,1.0,1,0,0,1.0,1.0,1.0,1,0,0,1.0,1.0,1.0,2.638657171961989,2.638657171961989,2.638657171961989,28.01105128781023,28.01105128781023,28.01105128781023,28.01105128781023,28.01105128781023,28.01105128781023,,,28.01105128781023,28.01105128781023,2.638657171961989,0,0,0,0,0,0,0,0,0,0,0,02_isolated,isolated,A_600,600,0,0,0
1,1,1,0,0,1.0,1.0,1.0,1,0,0,1.0,1.0,1.0,1,0,0,1.0,1.0,1.0,1,0,0,1.0,1.0,1.0,2.638657171961989,2.638657171961989,2.638657171961989,28.01105128781023,28.01105128781023,28.01105128781023,28.01105128781023,28.01105128781023,28.01105128781023,,,28.01105128781023,28.01105128781023,2.638657171961989,0,0,0,0,0,0,0,0,0,0,0,02_isolated,isolated,B_1200,1200,0,0,0
1,1,1,0,0,1.0,1.0,1.0,1,0,0,1.0,1.0,1.0,1,0,0,1.0,1.0,1.0,1,0,0,1.0,1.0,1.0,2.638657171961989,2.638657171961989,2.638657171961989,28.01105128781023,28.01105128781023,28.01105128781023,28.01105128781023,28.01105128781023,28.01105128781023,,,28.01105128781023,28.01105128781023,2.638657171961989,0,0,0,0,0,0,0,0,0,0,0,02_isolated,isolated,C_3000,3000,0,0,0
1,1,1,0,0,1.0,1.0,1.0,1,0,0,1.0,1.0,1.0,1,0,0,1.0,1.0,1.0,1,0,0,1.0,1.0,1.0,2.638657171961989,2.638657171961989,2.638657171961989,28.01105128781023,28.01105128781023,28.01105128781023,28.01105128781023,28.01105128781023,28.01105128781023,,,28.01105128781023,28.01105128781023,2.638657171961989,0,0,0,0,0,0,0,0,0,0,0,02_isolated,isolated,D_no_cap,,0,0,0
1,2,1,1,0,0.5,1.0,0.6666666666666666,1,1,0,0.5,1.0,0.6666666666666666,1,1,0,0.5,1.0,0.6666666666666666,0,2,1,0.0,0.0,0.0,0.23226927079389448,0.23226927079389448,-0.23226927079389448,1606.0631237983332,1606.0631237983332,1606.0631237983332,1606.0631237983332,1606.0631237983332,1606.0631237983332,,,1606.0631237983332,1606.0631237983332,0.23226927079389448,1,1,1,0,1,0,1,2,2,0,0,03_isolated,isolated,A_600,600,0,2,0
1,2,1,1,0,0.5,1.0,0.6666666666666666,1,1,0,0.5,1.0,0.6666666666666666,1,1,0,0.5,1.0,0.6666666666666666,0,2,1,0.0,0.0,0.0,0.23226927079389448,0.23226927079389448,-0.23226927079389448,1606.0631237983332,1606.0631237983332,1606.0631237983332,1606.0631237983332,1606.0631237983332,1606.0631237983332,,,1606.0631237983332,1606.0631237983332,0.23226927079389448,1,1,1,0,1,0,1,2,2,0,0,03_isolated,isolated,B_1200,1200,0,2,0
1,2,1,1,0,0.5,1.0,0.6666666666666666,1,1,0,0.5,1.0,0.6666666666666666,1,1,0,0.5,1.0,0.6666666666666666,0,2,1,0.0,0.0,0.0,0.23226927079389448,0.23226927079389448,-0.23226927079389448,1606.0631237983332,1606.0631237983332,1606.0631237983332,1606.0631237983332,1606.0631237983332,1606.0631237983332,,,1606.0631237983332,1606.0631237983332,0.23226927079389448,1,1,1,0,1,0,1,2,2,0,0,03_isolated,isolated,C_3000,3000,0,2,0
1,2,1,1,0,0.5,1.0,0.6666666666666666,1,1,0,0.5,1.0,0.6666666666666666,1,1,0,0.5,1.0,0.6666666666666666,0,2,1,0.0,0.0,0.0,0.23226927079389448,0.23226927079389448,-0.23226927079389448,1606.0631237983332,1606.0631237983332,1606.0631237983332,1606.0631237983332,1606.0631237983332,1606.0631237983332,,,1606.0631237983332,1606.0631237983332,0.23226927079389448,1,1,1,0,1,0,1,2,2,0,0,03_isolated,isolated,D_no_cap,,0,2,0
1,2,1,1,0,0.5,1.0,0.6666666666666666,1,1,0,0.5,1.0,0.6666666666666666,1,1,0,0.5,1.0,0.6666666666666666,1,1,0,0.5,1.0,0.6666666666666666,1.7410092661986898,1.7410092661986898,1.7410092661986898,92.00748810098247,92.00748810098247,92.00748810098247,92.00748810098247,92.00748810098247,92.00748810098247,,,92.00748810098247,92.00748810098247,1.7410092661986898,0,0,0,0,1,0,1,0,0,0,0,04_isolated,isolated,A_600,600,0,0,0
1,2,1,1,0,0.5,1.0,0.6666666666666666,1,1,0,0.5,1.0,0.6666666666666666,1,1,0,0.5,1.0,0.6666666666666666,1,1,0,0.5,1.0,0.6666666666666666,1.7410092661986898,1.7410092661986898,1.7410092661986898,92.00748810098247,92.00748810098247,92.00748810098247,92.00748810098247,92.00748810098247,92.00748810098247,,,92.00748810098247,92.00748810098247,1.7410092661986898,0,0,0,0,1,0,1,0,0,0,0,04_isolated,isolated,B_1200,1200,0,0,0
1,2,1,1,0,0.5,1.0,0.6666666666666666,1,1,0,0.5,1.0,0.6666666666666666,1,1,0,0.5,1.0,0.6666666666666666,1,1,0,0.5,1.0,0.6666666666666666,1.7410092661986898,1.7410092661986898,1.7410092661986898,92.00748810098247,92.00748810098247,92.00748810098247,92.00748810098247,92.00748810098247,92.00748810098247,,,92.00748810098247,92.00748810098247,1.7410092661986898,0,0,0,0,1,0,1,0,0,0,0,04_isolated,isolated,C_3000,3000,0,0,0
1,2,1,1,0,0.5,1.0,0.6666666666666666,1,1,0,0.5,1.0,0.6666666666666666,1,1,0,0.5,1.0,0.6666666666666666,1,1,0,0.5,1.0,0.6666666666666666,1.7410092661986898,1.7410092661986898,1.7410092661986898,92.00748810098247,92.00748810098247,92.00748810098247,92.00748810098247,92.00748810098247,92.00748810098247,,,92.00748810098247,92.00748810098247,1.7410092661986898,0,0,0,0,1,0,1,0,0,0,0,04_isolated,isolated,D_no_cap,,0,0,0
1,2,0,2,1,0.0,0.0,0.0,0,2,1,0.0,0.0,0.0,1,1,0,0.5,1.0,0.6666666666666666,0,2,1,0.0,0.0,0.0,,,,,,,,,,,,,,,0,0,0,0,0,0,0,0,0,0,0,05_long,long,A_600,600,0,0,0
1,2,0,2,1,0.0,0.0,0.0,0,2,1,0.0,0.0,0.0,1,1,0,0.5,1.0,0.6666666666666666,0,2,1,0.0,0.0,0.0,,,,,,,,,,,,,,,0,0,0,0,0,0,0,0,0,0,0,05_long,long,B_1200,1200,0,0,0
1,2,0,2,1,0.0,0.0,0.0,0,2,1,0.0,0.0,0.0,1,1,0,0.5,1.0,0.6666666666666666,0,2,1,0.0,0.0,0.0,,,,,,,,,,,,,,,0,0,0,0,0,0,0,0,0,0,0,05_long,long,C_3000,3000,0,0,0
1,2,0,2,1,0.0,0.0,0.0,0,2,1,0.0,0.0,0.0,1,1,0,0.5,1.0,0.6666666666666666,0,2,1,0.0,0.0,0.0,,,,,,,,,,,,,,,0,0,0,0,0,0,0,0,0,0,0,05_long,long,D_no_cap,,0,0,0
1,1,1,0,0,1.0,1.0,1.0,1,0,0,1.0,1.0,1.0,1,0,0,1.0,1.0,1.0,1,0,0,1.0,1.0,1.0,7.741136043249552,7.741136043249552,-7.741136043249552,460.00074266850976,460.00074266850976,460.00074266850976,460.00074266850976,460.00074266850976,460.00074266850976,,,460.00074266850976,460.00074266850976,7.741136043249552,1,0,0,0,1,0,1,0,0,0,0,06_long,long,A_600,600,0,0,0
1,1,1,0,0,1.0,1.0,1.0,1,0,0,1.0,1.0,1.0,1,0,0,1.0,1.0,1.0,0,1,1,0.0,0.0,0.0,7.741136043249552,7.741136043249552,-7.741136043249552,1602.000761741996,1602.000761741996,1602.000761741996,1602.000761741996,1602.000761741996,1602.000761741996,,,1602.000761741996,1602.000761741996,7.741136043249552,1,1,1,0,1,0,1,1,1,0,0,06_long,long,B_1200,1200,1,1,0
1,1,1,0,0,1.0,1.0,1.0,1,0,0,1.0,1.0,1.0,1,0,0,1.0,1.0,1.0,0,1,1,0.0,0.0,0.0,7.741136043249552,7.741136043249552,-7.741136043249552,1602.000761741996,1602.000761741996,1602.000761741996,1602.000761741996,1602.000761741996,1602.000761741996,,,1602.000761741996,1602.000761741996,7.741136043249552,1,1,1,0,1,0,1,1,1,0,0,06_long,long,C_3000,3000,1,1,0
1,1,1,0,0,1.0,1.0,1.0,1,0,0,1.0,1.0,1.0,1,0,0,1.0,1.0,1.0,0,1,1,0.0,0.0,0.0,7.741136043249552,7.741136043249552,-7.741136043249552,1602.000761741996,1602.000761741996,1602.000761741996,1602.000761741996,1602.000761741996,1602.000761741996,,,1602.000761741996,1602.000761741996,7.741136043249552,1,1,1,0,1,0,1,1,1,0,0,06_long,long,D_no_cap,,1,1,0
1,1,1,0,0,1.0,1.0,1.0,1,0,0,1.0,1.0,1.0,1,0,0,1.0,1.0,1.0,0,1,1,0.0,0.0,0.0,7.328429580662488,7.328429580662488,-7.328429580662488,2084.9832215408455,2084.9832215408455,-2084.9832215408455,2084.9832215408455,2084.9832215408455,-2084.9832215408455,,,2084.9832215408455,2084.9832215408455,7.328429580662488,1,1,1,1,0,1,0,0,0,0,0,07_long,long,A_600,600,0,0,0
1,1,1,0,0,1.0,1.0,1.0,1,0,0,1.0,1.0,1.0,1,0,0,1.0,1.0,1.0,1,0,0,1.0,1.0,1.0,7.328429580662488,7.328429580662488,-7.328429580662488,1094.9834504226815,1094.9834504226815,-1094.9834504226815,1094.9834504226815,1094.9834504226815,-1094.9834504226815,,,1094.9834504226815,1094.9834504226815,7.328429580662488,1,1,1,1,0,1,0,0,0,0,0,07_long,long,B_1200,1200,1,0,0
1,1,1,0,0,1.0,1.0,1.0,1,0,0,1.0,1.0,1.0,1,0,0,1.0,1.0,1.0,1,0,0,1.0,1.0,1.0,7.328429580662488,7.328429580662488,-7.328429580662488,1094.9834504226815,1094.9834504226815,-1094.9834504226815,1094.9834504226815,1094.9834504226815,-1094.9834504226815,,,1094.9834504226815,1094.9834504226815,7.328429580662488,1,1,1,1,0,1,0,0,0,0,0,07_long,long,C_3000,3000,1,0,0
1,1,1,0,0,1.0,1.0,1.0,1,0,0,1.0,1.0,1.0,1,0,0,1.0,1.0,1.0,1,0,0,1.0,1.0,1.0,7.328429580662488,7.328429580662488,-7.328429580662488,1094.9834504226815,1094.9834504226815,-1094.9834504226815,1094.9834504226815,1094.9834504226815,-1094.9834504226815,,,1094.9834504226815,1094.9834504226815,7.328429580662488,1,1,1,1,0,1,0,0,0,0,0,07_long,long,D_no_cap,,1,0,0
1,2,1,1,0,0.5,1.0,0.6666666666666666,1,1,0,0.5,1.0,0.6666666666666666,1,1,0,0.5,1.0,0.6666666666666666,0,2,1,0.0,0.0,0.0,15.909618926562397,15.909618926562397,-15.909618926562397,6007.993674123355,6007.993674123355,-6007.993674123355,6007.993674123355,6007.993674123355,-6007.993674123355,,,6007.993674123355,6007.993674123355,15.909618926562397,1,1,1,1,0,1,0,0,0,0,0,08_long,long,A_600,600,0,0,0
1,2,1,1,0,0.5,1.0,0.6666666666666666,1,1,0,0.5,1.0,0.6666666666666666,1,1,0,0.5,1.0,0.6666666666666666,0,2,1,0.0,0.0,0.0,15.909618926562397,15.909618926562397,-15.909618926562397,5007.993674123355,5007.993674123355,-5007.993674123355,5007.993674123355,5007.993674123355,-5007.993674123355,,,5007.993674123355,5007.993674123355,15.909618926562397,1,1,1,1,0,1,0,0,0,0,0,08_long,long,B_1200,1200,2,0,0
1,2,1,1,0,0.5,1.0,0.6666666666666666,1,1,0,0.5,1.0,0.6666666666666666,1,1,0,0.5,1.0,0.6666666666666666,0,2,1,0.0,0.0,0.0,15.909618926562397,15.909618926562397,-15.909618926562397,5007.993674123355,5007.993674123355,-5007.993674123355,5007.993674123355,5007.993674123355,-5007.993674123355,,,5007.993674123355,5007.993674123355,15.909618926562397,1,1,1,1,0,1,0,0,0,0,0,08_long,long,C_3000,3000,2,0,0
1,2,1,1,0,0.5,1.0,0.6666666666666666,1,1,0,0.5,1.0,0.6666666666666666,1,1,0,0.5,1.0,0.6666666666666666,0,2,1,0.0,0.0,0.0,15.909618926562397,15.909618926562397,-15.909618926562397,5007.993674123355,5007.993674123355,-5007.993674123355,5007.993674123355,5007.993674123355,-5007.993674123355,,,5007.993674123355,5007.993674123355,15.909618926562397,1,1,1,1,0,1,0,0,0,0,0,08_long,long,D_no_cap,,2,0,0
1,1,1,0,0,1.0,1.0,1.0,1,0,0,1.0,1.0,1.0,1,0,0,1.0,1.0,1.0,0,1,1,0.0,0.0,0.0,8.281267476595966,8.281267476595966,-8.281267476595966,12052.990360430584,12052.990360430584,-12052.990360430584,12052.990360430584,12052.990360430584,-12052.990360430584,,,12052.990360430584,12052.990360430584,8.281267476595966,1,1,1,1,0,1,0,0,0,0,0,09_long,long,A_600,600,0,0,0
1,1,1,0,0,1.0,1.0,1.0,1,0,0,1.0,1.0,1.0,1,0,0,1.0,1.0,1.0,0,1,1,0.0,0.0,0.0,8.281267476595966,8.281267476595966,-8.281267476595966,11062.99058931242,11062.99058931242,-11062.99058931242,11062.99058931242,11062.99058931242,-11062.99058931242,,,11062.99058931242,11062.99058931242,8.281267476595966,1,1,1,1,0,1,0,0,0,0,0,09_long,long,B_1200,1200,1,0,0
1,1,1,0,0,1.0,1.0,1.0,1,0,0,1.0,1.0,1.0,1,0,0,1.0,1.0,1.0,0,1,1,0.0,0.0,0.0,8.281267476595966,8.281267476595966,-8.281267476595966,11062.99058931242,11062.99058931242,-11062.99058931242,11062.99058931242,11062.99058931242,-11062.99058931242,,,11062.99058931242,11062.99058931242,8.281267476595966,1,1,1,1,0,1,0,0,0,0,0,09_long,long,C_3000,3000,1,0,0
1,1,1,0,0,1.0,1.0,1.0,1,0,0,1.0,1.0,1.0,1,0,0,1.0,1.0,1.0,0,1,1,0.0,0.0,0.0,8.281267476595966,8.281267476595966,-8.281267476595966,11062.99058931242,11062.99058931242,-11062.99058931242,11062.99058931242,11062.99058931242,-11062.99058931242,,,11062.99058931242,11062.99058931242,8.281267476595966,1,1,1,1,0,1,0,0,0,0,0,09_long,long,D_no_cap,,1,0,0
15,19,15,4,0,0.7894736842105263,1.0,0.8823529411764706,15,4,0,0.7894736842105263,1.0,0.8823529411764706,15,4,0,0.7894736842105263,1.0,0.8823529411764706,15,4,0,0.7894736842105263,1.0,0.8823529411764706,12.555799185234743,11.958719587628952,-12.555799185234743,20.90293127430689,15.987656032283581,-12.17479194284487,20.90293127430689,15.987656032283581,-12.17479194284487,,,49.82607821028484,49.82607821028484,22.779403814118027,0,0,0,0,0,0,0,0,0,0,0,10_repeated,repeated,A_600,600,0,0,0
15,19,15,4,0,0.7894736842105263,1.0,0.8823529411764706,15,4,0,0.7894736842105263,1.0,0.8823529411764706,15,4,0,0.7894736842105263,1.0,0.8823529411764706,15,4,0,0.7894736842105263,1.0,0.8823529411764706,12.555799185234743,11.958719587628952,-12.555799185234743,20.90293127430689,15.987656032283581,-12.17479194284487,20.90293127430689,15.987656032283581,-12.17479194284487,,,49.82607821028484,49.82607821028484,22.779403814118027,0,0,0,0,0,0,0,0,0,0,0,10_repeated,repeated,B_1200,1200,0,0,0
15,19,15,4,0,0.7894736842105263,1.0,0.8823529411764706,15,4,0,0.7894736842105263,1.0,0.8823529411764706,15,4,0,0.7894736842105263,1.0,0.8823529411764706,15,4,0,0.7894736842105263,1.0,0.8823529411764706,12.555799185234743,11.958719587628952,-12.555799185234743,20.90293127430689,15.987656032283581,-12.17479194284487,20.90293127430689,15.987656032283581,-12.17479194284487,,,49.82607821028484,49.82607821028484,22.779403814118027,0,0,0,0,0,0,0,0,0,0,0,10_repeated,repeated,C_3000,3000,0,0,0
15,19,15,4,0,0.7894736842105263,1.0,0.8823529411764706,15,4,0,0.7894736842105263,1.0,0.8823529411764706,15,4,0,0.7894736842105263,1.0,0.8823529411764706,15,4,0,0.7894736842105263,1.0,0.8823529411764706,12.555799185234743,11.958719587628952,-12.555799185234743,20.90293127430689,15.987656032283581,-12.17479194284487,20.90293127430689,15.987656032283581,-12.17479194284487,,,49.82607821028484,49.82607821028484,22.779403814118027,0,0,0,0,0,0,0,0,0,0,0,10_repeated,repeated,D_no_cap,,0,0,0
15,29,15,14,0,0.5172413793103449,1.0,0.6818181818181819,15,14,0,0.5172413793103449,1.0,0.6818181818181819,15,14,0,0.5172413793103449,1.0,0.6818181818181819,13,16,2,0.4482758620689655,0.8666666666666667,0.5909090909090909,6.112609731123619,5.969164152038964,-5.526107070363118,24.81750289735478,20.77189800681012,-17.996029261844182,24.81750289735478,20.77189800681012,-17.996029261844182,,,78.98413789476555,78.98413789476555,12.324437603802973,0,0,0,2,0,2,0,0,0,0,0,11_repeated,repeated,A_600,600,0,0,0
15,29,15,14,0,0.5172413793103449,1.0,0.6818181818181819,15,14,0,0.5172413793103449,1.0,0.6818181818181819,15,14,0,0.5172413793103449,1.0,0.6818181818181819,13,16,2,0.4482758620689655,0.8666666666666667,0.5909090909090909,6.112609731123619,5.969164152038964,-5.526107070363118,24.81750289735478,20.77189800681012,-17.996029261844182,24.81750289735478,20.77189800681012,-17.996029261844182,,,78.98413789476555,78.98413789476555,12.324437603802973,0,0,0,2,0,2,0,0,0,0,0,11_repeated,repeated,B_1200,1200,0,0,0
15,29,15,14,0,0.5172413793103449,1.0,0.6818181818181819,15,14,0,0.5172413793103449,1.0,0.6818181818181819,15,14,0,0.5172413793103449,1.0,0.6818181818181819,13,16,2,0.4482758620689655,0.8666666666666667,0.5909090909090909,6.112609731123619,5.969164152038964,-5.526107070363118,24.81750289735478,20.77189800681012,-17.996029261844182,24.81750289735478,20.77189800681012,-17.996029261844182,,,78.98413789476555,78.98413789476555,12.324437603802973,0,0,0,2,0,2,0,0,0,0,0,11_repeated,repeated,C_3000,3000,0,0,0
15,29,15,14,0,0.5172413793103449,1.0,0.6818181818181819,15,14,0,0.5172413793103449,1.0,0.6818181818181819,15,14,0,0.5172413793103449,1.0,0.6818181818181819,13,16,2,0.4482758620689655,0.8666666666666667,0.5909090909090909,6.112609731123619,5.969164152038964,-5.526107070363118,24.81750289735478,20.77189800681012,-17.996029261844182,24.81750289735478,20.77189800681012,-17.996029261844182,,,78.98413789476555,78.98413789476555,12.324437603802973,0,0,0,2,0,2,0,0,0,0,0,11_repeated,repeated,D_no_cap,,0,0,0
15,25,14,11,1,0.56,0.9333333333333333,0.7000000000000001,15,10,0,0.6,1.0,0.7499999999999999,14,11,1,0.56,0.9333333333333333,0.7000000000000001,7,18,8,0.28,0.4666666666666667,0.35000000000000003,15.673072809805946,15.713293601912204,-9.989643336886804,184.996556291058,53.99731322526647,180.4365221430673,184.996556291058,53.99731322526647,180.4365221430673,,,1668.9909298989835,1668.9909298989835,39.784006310433995,2,1,1,0,7,0,7,2,2,0,0,12_repeated,repeated,A_600,600,0,2,0
15,25,14,11,1,0.56,0.9333333333333333,0.7000000000000001,15,10,0,0.6,1.0,0.7499999999999999,14,11,1,0.56,0.9333333333333333,0.7000000000000001,7,18,8,0.28,0.4666666666666667,0.35000000000000003,15.673072809805946,15.713293601912204,-9.989643336886804,184.996556291058,53.99731322526647,180.4365221430673,184.996556291058,53.99731322526647,180.4365221430673,,,1668.9909298989835,1668.9909298989835,39.784006310433995,2,1,1,0,7,0,7,2,2,0,0,12_repeated,repeated,B_1200,1200,0,2,0
15,25,14,11,1,0.56,0.9333333333333333,0.7000000000000001,15,10,0,0.6,1.0,0.7499999999999999,14,11,1,0.56,0.9333333333333333,0.7000000000000001,7,18,8,0.28,0.4666666666666667,0.35000000000000003,15.673072809805946,15.713293601912204,-9.989643336886804,184.996556291058,53.99731322526647,180.4365221430673,184.996556291058,53.99731322526647,180.4365221430673,,,1668.9909298989835,1668.9909298989835,39.784006310433995,2,1,1,0,7,0,7,2,2,0,0,12_repeated,repeated,C_3000,3000,0,2,0
15,25,14,11,1,0.56,0.9333333333333333,0.7000000000000001,15,10,0,0.6,1.0,0.7499999999999999,14,11,1,0.56,0.9333333333333333,0.7000000000000001,7,18,8,0.28,0.4666666666666667,0.35000000000000003,15.673072809805946,15.713293601912204,-9.989643336886804,184.996556291058,53.99731322526647,180.4365221430673,184.996556291058,53.99731322526647,180.4365221430673,,,1668.9909298989835,1668.9909298989835,39.784006310433995,2,1,1,0,7,0,7,2,2,0,0,12_repeated,repeated,D_no_cap,,0,2,0
1,1,1,0,0,1.0,1.0,1.0,1,0,0,1.0,1.0,1.0,1,0,0,1.0,1.0,1.0,1,0,0,1.0,1.0,1.0,19.28354061771953,19.28354061771953,19.28354061771953,128.0328833555493,128.0328833555493,128.0328833555493,78.95332105742713,78.95332105742713,-78.95332105742713,,,128.0328833555493,78.95332105742713,19.28354061771953,0,0,0,0,1,1,0,0,0,0,0,13_sustain,sustain,A_600,600,0,0,0
1,1,1,0,0,1.0,1.0,1.0,1,0,0,1.0,1.0,1.0,1,0,0,1.0,1.0,1.0,1,0,0,1.0,1.0,1.0,19.28354061771953,19.28354061771953,19.28354061771953,128.0328833555493,128.0328833555493,128.0328833555493,78.95332105742713,78.95332105742713,-78.95332105742713,,,128.0328833555493,78.95332105742713,19.28354061771953,0,0,0,0,1,1,0,0,0,0,0,13_sustain,sustain,B_1200,1200,0,0,0
1,1,1,0,0,1.0,1.0,1.0,1,0,0,1.0,1.0,1.0,1,0,0,1.0,1.0,1.0,1,0,0,1.0,1.0,1.0,19.28354061771953,19.28354061771953,19.28354061771953,128.0328833555493,128.0328833555493,128.0328833555493,78.95332105742713,78.95332105742713,-78.95332105742713,,,128.0328833555493,78.95332105742713,19.28354061771953,0,0,0,0,1,1,0,0,0,0,0,13_sustain,sustain,C_3000,3000,0,0,0
1,1,1,0,0,1.0,1.0,1.0,1,0,0,1.0,1.0,1.0,1,0,0,1.0,1.0,1.0,1,0,0,1.0,1.0,1.0,19.28354061771953,19.28354061771953,19.28354061771953,128.0328833555493,128.0328833555493,128.0328833555493,78.95332105742713,78.95332105742713,-78.95332105742713,,,128.0328833555493,78.95332105742713,19.28354061771953,0,0,0,0,1,1,0,0,0,0,0,13_sustain,sustain,D_no_cap,,0,0,0
1,1,1,0,0,1.0,1.0,1.0,1,0,0,1.0,1.0,1.0,1,0,0,1.0,1.0,1.0,1,0,0,1.0,1.0,1.0,2.6817823055270695,2.6817823055270695,-2.6817823055270695,124.46285925456513,124.46285925456513,124.46285925456513,72.53211007433302,72.53211007433302,-72.53211007433302,,,124.46285925456513,72.53211007433302,2.6817823055270695,0,0,0,0,1,1,0,0,0,0,0,14_sustain,sustain,A_600,600,0,0,0
1,1,1,0,0,1.0,1.0,1.0,1,0,0,1.0,1.0,1.0,1,0,0,1.0,1.0,1.0,1,0,0,1.0,1.0,1.0,2.6817823055270695,2.6817823055270695,-2.6817823055270695,124.46285925456513,124.46285925456513,124.46285925456513,72.53211007433302,72.53211007433302,-72.53211007433302,,,124.46285925456513,72.53211007433302,2.6817823055270695,0,0,0,0,1,1,0,0,0,0,0,14_sustain,sustain,B_1200,1200,0,0,0
1,1,1,0,0,1.0,1.0,1.0,1,0,0,1.0,1.0,1.0,1,0,0,1.0,1.0,1.0,1,0,0,1.0,1.0,1.0,2.6817823055270695,2.6817823055270695,-2.6817823055270695,124.46285925456513,124.46285925456513,124.46285925456513,72.53211007433302,72.53211007433302,-72.53211007433302,,,124.46285925456513,72.53211007433302,2.6817823055270695,0,0,0,0,1,1,0,0,0,0,0,14_sustain,sustain,C_3000,3000,0,0,0
1,1,1,0,0,1.0,1.0,1.0,1,0,0,1.0,1.0,1.0,1,0,0,1.0,1.0,1.0,1,0,0,1.0,1.0,1.0,2.6817823055270695,2.6817823055270695,-2.6817823055270695,124.46285925456513,124.46285925456513,124.46285925456513,72.53211007433302,72.53211007433302,-72.53211007433302,,,124.46285925456513,72.53211007433302,2.6817823055270695,0,0,0,0,1,1,0,0,0,0,0,14_sustain,sustain,D_no_cap,,0,0,0
1,1,1,0,0,1.0,1.0,1.0,1,0,0,1.0,1.0,1.0,1,0,0,1.0,1.0,1.0,0,1,1,0.0,0.0,0.0,5.570223391342499,5.570223391342499,-5.570223391342499,1853.014376659444,1853.014376659444,1853.014376659444,1650.011255226295,1650.011255226295,1650.011255226295,,,1853.014376659444,1650.011255226295,5.570223391342499,1,1,1,0,1,0,1,1,1,0,0,15_sustain,sustain,A_600,600,0,1,0
1,1,1,0,0,1.0,1.0,1.0,1,0,0,1.0,1.0,1.0,1,0,0,1.0,1.0,1.0,0,1,1,0.0,0.0,0.0,5.570223391342499,5.570223391342499,-5.570223391342499,1853.014376659444,1853.014376659444,1853.014376659444,1650.011255226295,1650.011255226295,1650.011255226295,,,1853.014376659444,1650.011255226295,5.570223391342499,1,1,1,0,1,0,1,1,1,0,0,15_sustain,sustain,B_1200,1200,0,1,0
1,1,1,0,0,1.0,1.0,1.0,1,0,0,1.0,1.0,1.0,1,0,0,1.0,1.0,1.0,0,1,1,0.0,0.0,0.0,5.570223391342499,5.570223391342499,-5.570223391342499,1853.014376659444,1853.014376659444,1853.014376659444,1650.011255226295,1650.011255226295,1650.011255226295,,,1853.014376659444,1650.011255226295,5.570223391342499,1,1,1,0,1,0,1,1,1,0,0,15_sustain,sustain,C_3000,3000,0,1,0
1,1,1,0,0,1.0,1.0,1.0,1,0,0,1.0,1.0,1.0,1,0,0,1.0,1.0,1.0,0,1,1,0.0,0.0,0.0,5.570223391342499,5.570223391342499,-5.570223391342499,1853.014376659444,1853.014376659444,1853.014376659444,1650.011255226295,1650.011255226295,1650.011255226295,,,1853.014376659444,1650.011255226295,5.570223391342499,1,1,1,0,1,0,1,1,1,0,0,15_sustain,sustain,D_no_cap,,0,1,0
2,3,2,1,0,0.6666666666666666,1.0,0.8,2,1,0,0.6666666666666666,1.0,0.8,2,1,0,0.6666666666666666,1.0,0.8,2,1,0,0.6666666666666666,1.0,0.8,7.0025716336710175,7.0025716336710175,-7.0025716336710175,3.7447227133794447,3.7447227133794447,0.3283878104839433,3.7447227133794447,3.7447227133794447,0.3283878104839433,,,4.073110523863388,4.073110523863388,9.419361165378781,0,0,0,0,0,0,0,0,0,0,0,16_chords,chords,A_600,600,0,0,0
2,3,2,1,0,0.6666666666666666,1.0,0.8,2,1,0,0.6666666666666666,1.0,0.8,2,1,0,0.6666666666666666,1.0,0.8,2,1,0,0.6666666666666666,1.0,0.8,7.0025716336710175,7.0025716336710175,-7.0025716336710175,3.7447227133794447,3.7447227133794447,0.3283878104839433,3.7447227133794447,3.7447227133794447,0.3283878104839433,,,4.073110523863388,4.073110523863388,9.419361165378781,0,0,0,0,0,0,0,0,0,0,0,16_chords,chords,B_1200,1200,0,0,0
2,3,2,1,0,0.6666666666666666,1.0,0.8,2,1,0,0.6666666666666666,1.0,0.8,2,1,0,0.6666666666666666,1.0,0.8,2,1,0,0.6666666666666666,1.0,0.8,7.0025716336710175,7.0025716336710175,-7.0025716336710175,3.7447227133794447,3.7447227133794447,0.3283878104839433,3.7447227133794447,3.7447227133794447,0.3283878104839433,,,4.073110523863388,4.073110523863388,9.419361165378781,0,0,0,0,0,0,0,0,0,0,0,16_chords,chords,C_3000,3000,0,0,0
2,3,2,1,0,0.6666666666666666,1.0,0.8,2,1,0,0.6666666666666666,1.0,0.8,2,1,0,0.6666666666666666,1.0,0.8,2,1,0,0.6666666666666666,1.0,0.8,7.0025716336710175,7.0025716336710175,-7.0025716336710175,3.7447227133794447,3.7447227133794447,0.3283878104839433,3.7447227133794447,3.7447227133794447,0.3283878104839433,,,4.073110523863388,4.073110523863388,9.419361165378781,0,0,0,0,0,0,0,0,0,0,0,16_chords,chords,D_no_cap,,0,0,0
3,5,3,2,0,0.6,1.0,0.7499999999999999,3,2,0,0.6,1.0,0.7499999999999999,3,2,0,0.6,1.0,0.7499999999999999,3,2,0,0.6,1.0,0.7499999999999999,0.8947859429379404,0.8947464218399537,0.8947859429379404,25.591675256071053,30.017936263548208,25.591675256071053,25.591675256071053,30.017936263548208,25.591675256071053,,,32.92288718124126,32.92288718124126,1.7838695626796186,0,0,0,0,0,0,0,0,0,0,0,17_chords,chords,A_600,600,0,0,0
3,5,3,2,0,0.6,1.0,0.7499999999999999,3,2,0,0.6,1.0,0.7499999999999999,3,2,0,0.6,1.0,0.7499999999999999,3,2,0,0.6,1.0,0.7499999999999999,0.8947859429379404,0.8947464218399537,0.8947859429379404,25.591675256071053,30.017936263548208,25.591675256071053,25.591675256071053,30.017936263548208,25.591675256071053,,,32.92288718124126,32.92288718124126,1.7838695626796186,0,0,0,0,0,0,0,0,0,0,0,17_chords,chords,B_1200,1200,0,0,0
3,5,3,2,0,0.6,1.0,0.7499999999999999,3,2,0,0.6,1.0,0.7499999999999999,3,2,0,0.6,1.0,0.7499999999999999,3,2,0,0.6,1.0,0.7499999999999999,0.8947859429379404,0.8947464218399537,0.8947859429379404,25.591675256071053,30.017936263548208,25.591675256071053,25.591675256071053,30.017936263548208,25.591675256071053,,,32.92288718124126,32.92288718124126,1.7838695626796186,0,0,0,0,0,0,0,0,0,0,0,17_chords,chords,C_3000,3000,0,0,0
3,5,3,2,0,0.6,1.0,0.7499999999999999,3,2,0,0.6,1.0,0.7499999999999999,3,2,0,0.6,1.0,0.7499999999999999,3,2,0,0.6,1.0,0.7499999999999999,0.8947859429379404,0.8947464218399537,0.8947859429379404,25.591675256071053,30.017936263548208,25.591675256071053,25.591675256071053,30.017936263548208,25.591675256071053,,,32.92288718124126,32.92288718124126,1.7838695626796186,0,0,0,0,0,0,0,0,0,0,0,17_chords,chords,D_no_cap,,0,0,0
2,2,2,0,0,1.0,1.0,1.0,2,0,0,1.0,1.0,1.0,2,0,0,1.0,1.0,1.0,2,0,0,1.0,1.0,1.0,5.561509813938548,5.561509813938548,-5.561509813938548,1.9988822255483374,1.9988822255483374,-1.9988822255483374,1.9988822255483374,1.9988822255483374,-1.9988822255483374,,,3.0162143025747046,3.0162143025747046,7.3181775817611205,0,0,0,0,0,0,0,0,0,0,0,18_chords,chords,A_600,600,0,0,0
2,2,2,0,0,1.0,1.0,1.0,2,0,0,1.0,1.0,1.0,2,0,0,1.0,1.0,1.0,2,0,0,1.0,1.0,1.0,5.561509813938548,5.561509813938548,-5.561509813938548,1.9988822255483374,1.9988822255483374,-1.9988822255483374,1.9988822255483374,1.9988822255483374,-1.9988822255483374,,,3.0162143025747046,3.0162143025747046,7.3181775817611205,0,0,0,0,0,0,0,0,0,0,0,18_chords,chords,B_1200,1200,0,0,0
2,2,2,0,0,1.0,1.0,1.0,2,0,0,1.0,1.0,1.0,2,0,0,1.0,1.0,1.0,2,0,0,1.0,1.0,1.0,5.561509813938548,5.561509813938548,-5.561509813938548,1.9988822255483374,1.9988822255483374,-1.9988822255483374,1.9988822255483374,1.9988822255483374,-1.9988822255483374,,,3.0162143025747046,3.0162143025747046,7.3181775817611205,0,0,0,0,0,0,0,0,0,0,0,18_chords,chords,C_3000,3000,0,0,0
2,2,2,0,0,1.0,1.0,1.0,2,0,0,1.0,1.0,1.0,2,0,0,1.0,1.0,1.0,2,0,0,1.0,1.0,1.0,5.561509813938548,5.561509813938548,-5.561509813938548,1.9988822255483374,1.9988822255483374,-1.9988822255483374,1.9988822255483374,1.9988822255483374,-1.9988822255483374,,,3.0162143025747046,3.0162143025747046,7.3181775817611205,0,0,0,0,0,0,0,0,0,0,0,18_chords,chords,D_no_cap,,0,0,0
3,5,3,2,0,0.6,1.0,0.7499999999999999,3,2,0,0.6,1.0,0.7499999999999999,3,2,0,0.6,1.0,0.7499999999999999,2,3,1,0.4,0.6666666666666666,0.5,3.7313696055646015,2.788286130192441,-3.7313696055646015,139.71327690086216,8.450594013558854,-129.61629492444993,139.71327690086216,8.450594013558854,-129.61629492444993,,,403.99435773796813,403.99435773796813,7.17167001089869,1,0,0,1,0,1,0,0,0,0,0,19_chords,chords,A_600,600,0,0,0
3,5,3,2,0,0.6,1.0,0.7499999999999999,3,2,0,0.6,1.0,0.7499999999999999,3,2,0,0.6,1.0,0.7499999999999999,2,3,1,0.4,0.6666666666666666,0.5,3.7313696055646015,2.788286130192441,-3.7313696055646015,139.71327690086216,8.450594013558854,-129.61629492444993,139.71327690086216,8.450594013558854,-129.61629492444993,,,403.99435773796813,403.99435773796813,7.17167001089869,1,0,0,1,0,1,0,0,0,0,0,19_chords,chords,B_1200,1200,0,0,0
3,5,3,2,0,0.6,1.0,0.7499999999999999,3,2,0,0.6,1.0,0.7499999999999999,3,2,0,0.6,1.0,0.7499999999999999,2,3,1,0.4,0.6666666666666666,0.5,3.7313696055646015,2.788286130192441,-3.7313696055646015,139.71327690086216,8.450594013558854,-129.61629492444993,139.71327690086216,8.450594013558854,-129.61629492444993,,,403.99435773796813,403.99435773796813,7.17167001089869,1,0,0,1,0,1,0,0,0,0,0,19_chords,chords,C_3000,3000,0,0,0
3,5,3,2,0,0.6,1.0,0.7499999999999999,3,2,0,0.6,1.0,0.7499999999999999,3,2,0,0.6,1.0,0.7499999999999999,2,3,1,0.4,0.6666666666666666,0.5,3.7313696055646015,2.788286130192441,-3.7313696055646015,139.71327690086216,8.450594013558854,-129.61629492444993,139.71327690086216,8.450594013558854,-129.61629492444993,,,403.99435773796813,403.99435773796813,7.17167001089869,1,0,0,1,0,1,0,0,0,0,0,19_chords,chords,D_no_cap,,0,0,0
71,75,66,9,5,0.88,0.9295774647887324,0.9041095890410958,70,5,1,0.9333333333333333,0.9859154929577465,0.9589041095890412,66,9,5,0.88,0.9295774647887324,0.9041095890410958,28,47,43,0.37333333333333335,0.39436619718309857,0.3835616438356165,18.50988518632416,16.76663633005049,-11.331223958828964,421.12854410349206,223.6907348699404,257.90208278239766,173.35468527391518,64.72772911741708,-120.5633419104061,,,1873.7756001128237,1467.9311358931004,47.13856676932559,28,25,6,24,27,47,2,0,0,0,0,20_music,music,A_600,600,0,2,0
71,75,66,9,5,0.88,0.9295774647887324,0.9041095890410958,70,5,1,0.9333333333333333,0.9859154929577465,0.9589041095890412,66,9,5,0.88,0.9295774647887324,0.9041095890410958,28,47,43,0.37333333333333335,0.39436619718309857,0.3835616438356165,18.50988518632416,16.76663633005049,-11.331223958828964,421.12854410349206,223.6907348699404,257.90208278239766,173.35468527391518,64.72772911741708,-120.5633419104061,,,1873.7756001128237,1467.9311358931004,47.13856676932559,28,25,6,24,27,47,2,0,0,0,0,20_music,music,B_1200,1200,0,2,0
71,75,66,9,5,0.88,0.9295774647887324,0.9041095890410958,70,5,1,0.9333333333333333,0.9859154929577465,0.9589041095890412,66,9,5,0.88,0.9295774647887324,0.9041095890410958,28,47,43,0.37333333333333335,0.39436619718309857,0.3835616438356165,18.50988518632416,16.76663633005049,-11.331223958828964,421.12854410349206,223.6907348699404,257.90208278239766,173.35468527391518,64.72772911741708,-120.5633419104061,,,1873.7756001128237,1467.9311358931004,47.13856676932559,28,25,6,24,27,47,2,0,0,0,0,20_music,music,C_3000,3000,0,2,0
71,75,66,9,5,0.88,0.9295774647887324,0.9041095890410958,70,5,1,0.9333333333333333,0.9859154929577465,0.9589041095890412,66,9,5,0.88,0.9295774647887324,0.9041095890410958,28,47,43,0.37333333333333335,0.39436619718309857,0.3835616438356165,18.50988518632416,16.76663633005049,-11.331223958828964,421.12854410349206,223.6907348699404,257.90208278239766,173.35468527391518,64.72772911741708,-120.5633419104061,,,1873.7756001128237,1467.9311358931004,47.13856676932559,28,25,6,24,27,47,2,0,0,0,0,20_music,music,D_no_cap,,0,2,0
83,109,81,28,2,0.7431192660550459,0.9759036144578314,0.84375,83,26,0,0.7614678899082569,1.0,0.8645833333333333,82,27,1,0.7522935779816514,0.9879518072289156,0.8541666666666666,60,49,23,0.5504587155963303,0.7228915662650602,0.625,9.914227149366816,7.665053032166469,-3.3641894373770316,63.970455337832895,22.892507854388455,-12.906436433354207,54.22727499970907,21.97549775747154,-36.781589144584665,,,415.4799961911249,419.48990127856024,41.75341746473116,3,0,0,17,6,20,1,0,0,0,0,21_music,music,A_600,600,0,5,0
83,109,81,28,2,0.7431192660550459,0.9759036144578314,0.84375,83,26,0,0.7614678899082569,1.0,0.8645833333333333,82,27,1,0.7522935779816514,0.9879518072289156,0.8541666666666666,60,49,23,0.5504587155963303,0.7228915662650602,0.625,9.914227149366816,7.665053032166469,-3.3641894373770316,63.970455337832895,22.892507854388455,-12.906436433354207,54.22727499970907,21.97549775747154,-36.781589144584665,,,415.4799961911249,419.48990127856024,41.75341746473116,3,0,0,17,6,20,1,0,0,0,0,21_music,music,B_1200,1200,0,5,0
83,109,81,28,2,0.7431192660550459,0.9759036144578314,0.84375,83,26,0,0.7614678899082569,1.0,0.8645833333333333,82,27,1,0.7522935779816514,0.9879518072289156,0.8541666666666666,60,49,23,0.5504587155963303,0.7228915662650602,0.625,9.914227149366816,7.665053032166469,-3.3641894373770316,63.970455337832895,22.892507854388455,-12.906436433354207,54.22727499970907,21.97549775747154,-36.781589144584665,,,415.4799961911249,419.48990127856024,41.75341746473116,3,0,0,17,6,20,1,0,0,0,0,21_music,music,C_3000,3000,0,5,0
83,109,81,28,2,0.7431192660550459,0.9759036144578314,0.84375,83,26,0,0.7614678899082569,1.0,0.8645833333333333,82,27,1,0.7522935779816514,0.9879518072289156,0.8541666666666666,60,49,23,0.5504587155963303,0.7228915662650602,0.625,9.914227149366816,7.665053032166469,-3.3641894373770316,63.970455337832895,22.892507854388455,-12.906436433354207,54.22727499970907,21.97549775747154,-36.781589144584665,,,415.4799961911249,419.48990127856024,41.75341746473116,3,0,0,17,6,20,1,0,0,0,0,21_music,music,D_no_cap,,0,5,0
76,92,57,35,19,0.6195652173913043,0.75,0.6785714285714286,76,16,0,0.8260869565217391,1.0,0.9047619047619047,65,27,11,0.7065217391304348,0.8552631578947368,0.7738095238095237,27,65,49,0.29347826086956524,0.35526315789473684,0.3214285714285714,23.405285620921635,24.715199045524994,-14.681616378954228,137.72377616860692,81.9602130215209,78.6550922939006,94.26421764193249,50.97960928590961,-82.35990193167632,,,454.03563828531367,512.9534574396129,49.26505407655668,10,0,0,13,24,28,2,0,0,0,0,22_music,music,A_600,600,0,4,0
76,92,57,35,19,0.6195652173913043,0.75,0.6785714285714286,76,16,0,0.8260869565217391,1.0,0.9047619047619047,65,27,11,0.7065217391304348,0.8552631578947368,0.7738095238095237,27,65,49,0.29347826086956524,0.35526315789473684,0.3214285714285714,23.405285620921635,24.715199045524994,-14.681616378954228,137.72377616860692,81.9602130215209,78.6550922939006,94.26421764193249,50.97960928590961,-82.35990193167632,,,454.03563828531367,512.9534574396129,49.26505407655668,10,0,0,13,24,28,2,0,0,0,0,22_music,music,B_1200,1200,0,4,0
76,92,57,35,19,0.6195652173913043,0.75,0.6785714285714286,76,16,0,0.8260869565217391,1.0,0.9047619047619047,65,27,11,0.7065217391304348,0.8552631578947368,0.7738095238095237,27,65,49,0.29347826086956524,0.35526315789473684,0.3214285714285714,23.405285620921635,24.715199045524994,-14.681616378954228,137.72377616860692,81.9602130215209,78.6550922939006,94.26421764193249,50.97960928590961,-82.35990193167632,,,454.03563828531367,512.9534574396129,49.26505407655668,10,0,0,13,24,28,2,0,0,0,0,22_music,music,C_3000,3000,0,4,0
76,92,57,35,19,0.6195652173913043,0.75,0.6785714285714286,76,16,0,0.8260869565217391,1.0,0.9047619047619047,65,27,11,0.7065217391304348,0.8552631578947368,0.7738095238095237,27,65,49,0.29347826086956524,0.35526315789473684,0.3214285714285714,23.405285620921635,24.715199045524994,-14.681616378954228,137.72377616860692,81.9602130215209,78.6550922939006,94.26421764193249,50.97960928590961,-82.35990193167632,,,454.03563828531367,512.9534574396129,49.26505407655668,10,0,0,13,24,28,2,0,0,0,0,22_music,music,D_no_cap,,0,4,0
119,130,118,12,1,0.9076923076923077,0.9915966386554622,0.9477911646586346,119,11,0,0.9153846153846154,1.0,0.9558232931726908,118,12,1,0.9076923076923077,0.9915966386554622,0.9477911646586346,14,116,105,0.1076923076923077,0.11764705882352941,0.11244979919678715,4.908433355230789,4.52075934463636,3.9736193837680567,567.9509234392857,427.9928847988035,437.4885888885139,171.87854525690395,54.982705538847654,-75.5368404577739,,,2679.079553856812,2679.079553856812,17.22824549414881,73,55,24,10,99,59,9,0,0,0,0,23_music,music,A_600,600,0,2,0
119,130,118,12,1,0.9076923076923077,0.9915966386554622,0.9477911646586346,119,11,0,0.9153846153846154,1.0,0.9558232931726908,118,12,1,0.9076923076923077,0.9915966386554622,0.9477911646586346,14,116,105,0.1076923076923077,0.11764705882352941,0.11244979919678715,4.908433355230789,4.52075934463636,3.9736193837680567,567.9509234392857,427.9928847988035,437.4885888885139,171.87854525690395,54.982705538847654,-75.5368404577739,,,2679.079553856812,2679.079553856812,17.22824549414881,73,55,24,10,99,59,9,0,0,0,0,23_music,music,B_1200,1200,0,2,0
119,130,118,12,1,0.9076923076923077,0.9915966386554622,0.9477911646586346,119,11,0,0.9153846153846154,1.0,0.9558232931726908,118,12,1,0.9076923076923077,0.9915966386554622,0.9477911646586346,14,116,105,0.1076923076923077,0.11764705882352941,0.11244979919678715,4.908433355230789,4.52075934463636,3.9736193837680567,567.9509234392857,427.9928847988035,437.4885888885139,171.87854525690395,54.982705538847654,-75.5368404577739,,,2679.079553856812,2679.079553856812,17.22824549414881,73,55,24,10,99,59,9,0,0,0,0,23_music,music,C_3000,3000,0,2,0
119,130,118,12,1,0.9076923076923077,0.9915966386554622,0.9477911646586346,119,11,0,0.9153846153846154,1.0,0.9558232931726908,118,12,1,0.9076923076923077,0.9915966386554622,0.9477911646586346,14,116,105,0.1076923076923077,0.11764705882352941,0.11244979919678715,4.908433355230789,4.52075934463636,3.9736193837680567,567.9509234392857,427.9928847988035,437.4885888885139,171.87854525690395,54.982705538847654,-75.5368404577739,,,2679.079553856812,2679.079553856812,17.22824549414881,73,55,24,10,99,59,9,0,0,0,0,23_music,music,D_no_cap,,0,2,0
169,170,154,16,15,0.9058823529411765,0.9112426035502958,0.9085545722713865,159,11,10,0.9352941176470588,0.9408284023668639,0.9380530973451328,156,14,13,0.9176470588235294,0.9230769230769231,0.9203539823008848,48,122,121,0.2823529411764706,0.28402366863905326,0.28318584070796465,16.38979360158704,14.018787713690362,9.151685154273977,176.6949679484457,134.64900162833038,167.0338764945985,70.81226172449699,62.350540791477286,-59.66048107690536,,,726.0298863116273,610.7459386095684,44.922776470558645,38,11,0,5,101,87,3,0,0,0,0,24_music,music,A_600,600,0,1,0
169,170,154,16,15,0.9058823529411765,0.9112426035502958,0.9085545722713865,159,11,10,0.9352941176470588,0.9408284023668639,0.9380530973451328,156,14,13,0.9176470588235294,0.9230769230769231,0.9203539823008848,48,122,121,0.2823529411764706,0.28402366863905326,0.28318584070796465,16.38979360158704,14.018787713690362,9.151685154273977,176.6949679484457,134.64900162833038,167.0338764945985,70.81226172449699,62.350540791477286,-59.66048107690536,,,726.0298863116273,610.7459386095684,44.922776470558645,38,11,0,5,101,87,3,0,0,0,0,24_music,music,B_1200,1200,0,1,0
169,170,154,16,15,0.9058823529411765,0.9112426035502958,0.9085545722713865,159,11,10,0.9352941176470588,0.9408284023668639,0.9380530973451328,156,14,13,0.9176470588235294,0.9230769230769231,0.9203539823008848,48,122,121,0.2823529411764706,0.28402366863905326,0.28318584070796465,16.38979360158704,14.018787713690362,9.151685154273977,176.6949679484457,134.64900162833038,167.0338764945985,70.81226172449699,62.350540791477286,-59.66048107690536,,,726.0298863116273,610.7459386095684,44.922776470558645,38,11,0,5,101,87,3,0,0,0,0,24_music,music,C_3000,3000,0,1,0
169,170,154,16,15,0.9058823529411765,0.9112426035502958,0.9085545722713865,159,11,10,0.9352941176470588,0.9408284023668639,0.9380530973451328,156,14,13,0.9176470588235294,0.9230769230769231,0.9203539823008848,48,122,121,0.2823529411764706,0.28402366863905326,0.28318584070796465,16.38979360158704,14.018787713690362,9.151685154273977,176.6949679484457,134.64900162833038,167.0338764945985,70.81226172449699,62.350540791477286,-59.66048107690536,,,726.0298863116273,610.7459386095684,44.922776470558645,38,11,0,5,101,87,3,0,0,0,0,24_music,music,D_no_cap,,0,1,0
