match,referenceIndex,predictionIndex,pitch,gt_onset,gt_key_release,gt_pedal_release,pred_onset,pred_end,key_error,pedal_error,onset_error,case,category,variant,baselineEnd,baselineKeyError,baselineEffectiveError,keyWorsenedOver50ms,effectiveWorsenedOver50ms,wasCorrectKeyNowWrong,decoder
TP,0,0,95,0.5229908651997437,6.059999238258004,6.059999238258004,0.5152497291564941,7.662,1.602000761741996,1.602000761741996,-0.007741136043249552,06_long,long,B_1200,6.519999980926514,0.46000074266850977,0.46000074266850977,True,True,False,sequence_end
TP,0,0,95,0.5229908651997437,6.059999238258004,6.059999238258004,0.5152497291564941,7.662,1.602000761741996,1.602000761741996,-0.007741136043249552,06_long,long,C_3000,6.519999980926514,0.46000074266850977,0.46000074266850977,True,True,False,sequence_end
TP,0,0,95,0.5229908651997437,6.059999238258004,6.059999238258004,0.5152497291564941,7.662,1.602000761741996,1.602000761741996,-0.007741136043249552,06_long,long,D_no_cap,6.519999980926514,0.46000074266850977,0.46000074266850977,True,True,False,sequence_end
TP,0,0,82,0.5169961241492965,8.594983450422681,8.594983450422681,0.509667694568634,7.5,-1.0949834504226814,-1.0949834504226814,-0.007328429580662488,07_long,long,B_1200,6.510000228881836,-2.0849832215408455,-2.0849832215408455,False,False,False,frame_disappearance
TP,0,0,82,0.5169961241492965,8.594983450422681,8.594983450422681,0.509667694568634,7.5,-1.0949834504226814,-1.0949834504226814,-0.007328429580662488,07_long,long,C_3000,6.510000228881836,-2.0849832215408455,-2.0849832215408455,False,False,False,frame_disappearance
TP,0,0,82,0.5169961241492965,8.594983450422681,8.594983450422681,0.509667694568634,7.5,-1.0949834504226814,-1.0949834504226814,-0.007328429580662488,07_long,long,D_no_cap,6.510000228881836,-2.0849832215408455,-2.0849832215408455,False,False,False,frame_disappearance
TP,0,1,62,0.5139920480971709,12.507993674123355,12.507993674123355,0.4980824291706085,7.5,-5.007993674123355,-5.007993674123355,-0.015909618926562397,08_long,long,B_1200,6.5,-6.007993674123355,-6.007993674123355,False,False,False,frame_disappearance
FP,,0,74,,,,0.4974433481693268,7.5,,,,08_long,long,B_1200,6.5,,,False,False,False,frame_disappearance
TP,0,1,62,0.5139920480971709,12.507993674123355,12.507993674123355,0.4980824291706085,7.5,-5.007993674123355,-5.007993674123355,-0.015909618926562397,08_long,long,C_3000,6.5,-6.007993674123355,-6.007993674123355,False,False,False,frame_disappearance
FP,,0,74,,,,0.4974433481693268,7.5,,,,08_long,long,C_3000,6.5,,,False,False,False,frame_disappearance
TP,0,1,62,0.5139920480971709,12.507993674123355,12.507993674123355,0.4980824291706085,7.5,-5.007993674123355,-5.007993674123355,-0.015909618926562397,08_long,long,D_no_cap,6.5,-6.007993674123355,-6.007993674123355,False,False,False,frame_disappearance
FP,,0,74,,,,0.4974433481693268,7.5,,,,08_long,long,D_no_cap,6.5,,,False,False,False,frame_disappearance
TP,0,0,31,0.5139920480971709,18.56299058931242,18.56299058931242,0.505710780620575,7.5,-11.06299058931242,-11.06299058931242,-0.008281267476595966,09_long,long,B_1200,6.510000228881836,-12.052990360430584,-12.052990360430584,False,False,False,frame_disappearance
TP,0,0,31,0.5139920480971709,18.56299058931242,18.56299058931242,0.505710780620575,7.5,-11.06299058931242,-11.06299058931242,-0.008281267476595966,09_long,long,C_3000,6.510000228881836,-12.052990360430584,-12.052990360430584,False,False,False,frame_disappearance
TP,0,0,31,0.5139920480971709,18.56299058931242,18.56299058931242,0.505710780620575,7.5,-11.06299058931242,-11.06299058931242,-0.008281267476595966,09_long,long,D_no_cap,6.510000228881836,-12.052990360430584,-12.052990360430584,False,False,False,frame_disappearance
