match,referenceIndex,predictionIndex,pitch,gt_onset,gt_key_release,gt_pedal_release,pred_onset,pred_end,key_error,pedal_error,onset_error,case,category,variant
TP,0,0,36,0.5169961241492965,2.518998236030152,2.518998236030152,0.5107616186141968,2.504899024963379,-0.014099211066773254,-0.014099211066773254,-0.006234505535099744,01_isolated,isolated,A_600
TP,0,0,36,0.5169961241492965,2.518998236030152,2.518998236030152,0.5107616186141968,2.504899024963379,-0.014099211066773254,-0.014099211066773254,-0.006234505535099744,01_isolated,isolated,B_1200
TP,0,0,36,0.5169961241492965,2.518998236030152,2.518998236030152,0.5107616186141968,2.504899024963379,-0.014099211066773254,-0.014099211066773254,-0.006234505535099744,01_isolated,isolated,C_3000
TP,0,0,36,0.5169961241492965,2.518998236030152,2.518998236030152,0.5107616186141968,2.504899024963379,-0.014099211066773254,-0.014099211066773254,-0.006234505535099744,01_isolated,isolated,D_no_cap
TP,0,0,60,0.5199867891476181,2.521988901028474,2.521988901028474,0.5226254463195801,2.549999952316284,0.02801105128781023,0.02801105128781023,0.002638657171961989,02_isolated,isolated,A_600
TP,0,0,60,0.5199867891476181,2.521988901028474,2.521988901028474,0.5226254463195801,2.549999952316284,0.02801105128781023,0.02801105128781023,0.002638657171961989,02_isolated,isolated,B_1200
TP,0,0,60,0.5199867891476181,2.521988901028474,2.521988901028474,0.5226254463195801,2.549999952316284,0.02801105128781023,0.02801105128781023,0.002638657171961989,02_isolated,isolated,C_3000
TP,0,0,60,0.5199867891476181,2.521988901028474,2.521988901028474,0.5226254463195801,2.549999952316284,0.02801105128781023,0.02801105128781023,0.002638657171961989,02_isolated,isolated,D_no_cap
TP,0,0,100,0.5229908651997437,2.5179924069948427,2.5179924069948427,0.5247318744659424,2.609999895095825,0.09200748810098247,0.09200748810098247,0.0017410092661986898,04_isolated,isolated,A_600
FP,,1,33,,,,2.5028016567230225,2.509999990463257,,,,04_isolated,isolated,A_600
TP,0,0,100,0.5229908651997437,2.5179924069948427,2.5179924069948427,0.5247318744659424,2.609999895095825,0.09200748810098247,0.09200748810098247,0.0017410092661986898,04_isolated,isolated,B_1200
FP,,1,33,,,,2.5028016567230225,2.509999990463257,,,,04_isolated,isolated,B_1200
TP,0,0,100,0.5229908651997437,2.5179924069948427,2.5179924069948427,0.5247318744659424,2.609999895095825,0.09200748810098247,0.09200748810098247,0.0017410092661986898,04_isolated,isolated,C_3000
FP,,1,33,,,,2.5028016567230225,2.509999990463257,,,,04_isolated,isolated,C_3000
TP,0,0,100,0.5229908651997437,2.5179924069948427,2.5179924069948427,0.5247318744659424,2.609999895095825,0.09200748810098247,0.09200748810098247,0.0017410092661986898,04_isolated,isolated,D_no_cap
FP,,1,33,,,,2.5028016567230225,2.509999990463257,,,,04_isolated,isolated,D_no_cap
FN,0,,105,0.5169961241492965,4.103983629871517,4.103983629871517,,,,,,05_long,long,A_600
FP,,0,103,,,,0.5120784640312195,0.5199999809265137,,,,05_long,long,A_600
FP,,1,104,,,,0.5143954753875732,0.5199999809265137,,,,05_long,long,A_600
FN,0,,105,0.5169961241492965,4.103983629871517,4.103983629871517,,,,,,05_long,long,B_1200
FP,,0,103,,,,0.5120784640312195,0.5199999809265137,,,,05_long,long,B_1200
FP,,1,104,,,,0.5143954753875732,0.5199999809265137,,,,05_long,long,B_1200
FN,0,,105,0.5169961241492965,4.103983629871517,4.103983629871517,,,,,,05_long,long,C_3000
FP,,0,103,,,,0.5120784640312195,0.5199999809265137,,,,05_long,long,C_3000
FP,,1,104,,,,0.5143954753875732,0.5199999809265137,,,,05_long,long,C_3000
FN,0,,105,0.5169961241492965,4.103983629871517,4.103983629871517,,,,,,05_long,long,D_no_cap
FP,,0,103,,,,0.5120784640312195,0.5199999809265137,,,,05_long,long,D_no_cap
FP,,1,104,,,,0.5143954753875732,0.5199999809265137,,,,05_long,long,D_no_cap
TP,0,0,95,0.5229908651997437,6.059999238258004,6.059999238258004,0.5152497291564941,6.519999980926514,0.46000074266850977,0.46000074266850977,-0.007741136043249552,06_long,long,A_600
TP,0,0,95,0.5229908651997437,6.059999238258004,6.059999238258004,0.5152497291564941,7.662,1.602000761741996,1.602000761741996,-0.007741136043249552,06_long,long,B_1200
TP,0,0,95,0.5229908651997437,6.059999238258004,6.059999238258004,0.5152497291564941,7.662,1.602000761741996,1.602000761741996,-0.007741136043249552,06_long,long,C_3000
TP,0,0,95,0.5229908651997437,6.059999238258004,6.059999238258004,0.5152497291564941,7.662,1.602000761741996,1.602000761741996,-0.007741136043249552,06_long,long,D_no_cap
TP,0,0,82,0.5169961241492965,8.594983450422681,8.594983450422681,0.509667694568634,6.510000228881836,-2.0849832215408455,-2.0849832215408455,-0.007328429580662488,07_long,long,A_600
TP,0,0,82,0.5169961241492965,8.594983450422681,8.594983450422681,0.509667694568634,7.5,-1.0949834504226814,-1.0949834504226814,-0.007328429580662488,07_long,long,B_1200
TP,0,0,82,0.5169961241492965,8.594983450422681,8.594983450422681,0.509667694568634,7.5,-1.0949834504226814,-1.0949834504226814,-0.007328429580662488,07_long,long,C_3000
TP,0,0,82,0.5169961241492965,8.594983450422681,8.594983450422681,0.509667694568634,7.5,-1.0949834504226814,-1.0949834504226814,-0.007328429580662488,07_long,long,D_no_cap
TP,0,1,62,0.5139920480971709,12.507993674123355,12.507993674123355,0.4980824291706085,6.5,-6.007993674123355,-6.007993674123355,-0.015909618926562397,08_long,long,A_600
FP,,0,74,,,,0.4974433481693268,6.5,,,,08_long,long,A_600
TP,0,1,62,0.5139920480971709,12.507993674123355,12.507993674123355,0.4980824291706085,7.5,-5.007993674123355,-5.007993674123355,-0.015909618926562397,08_long,long,B_1200
FP,,0,74,,,,0.4974433481693268,7.5,,,,08_long,long,B_1200
TP,0,1,62,0.5139920480971709,12.507993674123355,12.507993674123355,0.4980824291706085,7.5,-5.007993674123355,-5.007993674123355,-0.015909618926562397,08_long,long,C_3000
FP,,0,74,,,,0.4974433481693268,7.5,,,,08_long,long,C_3000
TP,0,1,62,0.5139920480971709,12.507993674123355,12.507993674123355,0.4980824291706085,7.5,-5.007993674123355,-5.007993674123355,-0.015909618926562397,08_long,long,D_no_cap
FP,,0,74,,,,0.4974433481693268,7.5,,,,08_long,long,D_no_cap
TP,0,0,31,0.5139920480971709,18.56299058931242,18.56299058931242,0.505710780620575,6.510000228881836,-12.052990360430584,-12.052990360430584,-0.008281267476595966,09_long,long,A_600
TP,0,0,31,0.5139920480971709,18.56299058931242,18.56299058931242,0.505710780620575,7.5,-11.06299058931242,-11.06299058931242,-0.008281267476595966,09_long,long,B_1200
TP,0,0,31,0.5139920480971709,18.56299058931242,18.56299058931242,0.505710780620575,7.5,-11.06299058931242,-11.06299058931242,-0.008281267476595966,09_long,long,C_3000
TP,0,0,31,0.5139920480971709,18.56299058931242,18.56299058931242,0.505710780620575,7.5,-11.06299058931242,-11.06299058931242,-0.008281267476595966,09_long,long,D_no_cap
TP,0,0,49,0.5169961241492965,0.8699884713278603,0.8699884713278603,0.5066856145858765,0.864687979221344,-0.005300492106516286,-0.005300492106516286,-0.010310509563420056,10_repeated,repeated,A_600
TP,1,1,49,1.2229942295602283,1.5209878450880459,1.5209878450880459,1.2154523134231567,1.511607050895691,-0.009380794192354935,-0.009380794192354935,-0.007541916137071558,10_repeated,repeated,A_600
TP,2,2,49,1.815977384563738,2.066978667561876,2.066978667561876,1.8067502975463867,2.0534093379974365,-0.01356932956443968,-0.01356932956443968,-0.009227087017351199,10_repeated,repeated,A_600
TP,3,3,49,2.3159817035431987,2.5289894711142304,2.5289894711142304,2.3070504665374756,2.51867413520813,-0.010315335906100565,-0.010315335906100565,-0.00893123700572307,10_repeated,repeated,A_600
TP,4,4,49,2.7389931626331365,2.914007414777062,2.914007414777062,2.731541633605957,2.9065279960632324,-0.0074794187138294,-0.0074794187138294,-0.007451529027179493,10_repeated,repeated,A_600
TP,5,5,49,3.0970012439344456,3.2389974816125973,3.2389974816125973,3.0849802494049072,3.2311136722564697,-0.007883809356127536,-0.007883809356127536,-0.01202099452953842,10_repeated,repeated,A_600
TP,6,6,49,3.390005947447126,3.5120063039033167,3.5120063039033167,3.378047227859497,3.4852144718170166,-0.026791832086300094,-0.026791832086300094,-0.011958719587628952,10_repeated,repeated,A_600
TP,7,7,49,3.6419996484267703,3.74299829462569,3.74299829462569,3.6259467601776123,3.6931722164154053,-0.04982607821028484,-0.04982607821028484,-0.01605288824915796,10_repeated,repeated,A_600
TP,8,9,49,3.847993434858241,3.9359967699209566,3.9359967699209566,3.8370063304901123,3.887878894805908,-0.04811787511504839,-0.04811787511504839,-0.010987104368128886,10_repeated,repeated,A_600
TP,9,11,49,4.027004181035798,4.103997040925321,4.103997040925321,4.00422477722168,4.064219951629639,-0.03977708929568191,-0.03977708929568191,-0.022779403814118027,10_repeated,repeated,A_600
TP,10,13,49,4.1739893307290865,4.2369944615009,4.2369944615009,4.154596328735352,4.207353591918945,-0.029640869581954554,-0.029640869581954554,-0.01939300199373495,10_repeated,repeated,A_600
TP,11,15,49,4.303996086306344,4.3530000769066435,4.3530000769066435,4.2855448722839355,4.380000114440918,0.02700003753427449,0.02700003753427449,-0.018451214022408458,10_repeated,repeated,A_600
TP,12,16,49,4.406000561540574,4.454012134159367,4.454012134159367,4.39278507232666,4.46999979019165,0.01598765603228358,0.01598765603228358,-0.013215489213913578,10_repeated,repeated,A_600
TP,13,17,49,4.492005649586473,4.534009070101015,4.534009070101015,4.479801654815674,4.550000190734863,0.015991120633848332,0.015991120633848332,-0.012203994770799476,10_repeated,repeated,A_600
TP,14,18,49,4.570004338511306,4.598006618854334,4.598006618854334,4.562192440032959,4.604488849639893,0.006482230785558762,0.006482230785558762,-0.007811898478347068,10_repeated,repeated,A_600
FP,,8,61,,,,3.6275062561035156,3.640000104904175,,,,10_repeated,repeated,A_600
FP,,10,61,,,,3.8391475677490234,3.9200000762939453,,,,10_repeated,repeated,A_600
FP,,12,61,,,,4.005894660949707,4.090000152587891,,,,10_repeated,repeated,A_600
FP,,14,61,,,,4.155442237854004,4.230000019073486,,,,10_repeated,repeated,A_600
TP,0,0,49,0.5169961241492965,0.8699884713278603,0.8699884713278603,0.5066856145858765,0.864687979221344,-0.005300492106516286,-0.005300492106516286,-0.010310509563420056,10_repeated,repeated,B_1200
TP,1,1,49,1.2229942295602283,1.5209878450880459,1.5209878450880459,1.2154523134231567,1.511607050895691,-0.009380794192354935,-0.009380794192354935,-0.007541916137071558,10_repeated,repeated,B_1200
TP,2,2,49,1.815977384563738,2.066978667561876,2.066978667561876,1.8067502975463867,2.0534093379974365,-0.01356932956443968,-0.01356932956443968,-0.009227087017351199,10_repeated,repeated,B_1200
TP,3,3,49,2.3159817035431987,2.5289894711142304,2.5289894711142304,2.3070504665374756,2.51867413520813,-0.010315335906100565,-0.010315335906100565,-0.00893123700572307,10_repeated,repeated,B_1200
TP,4,4,49,2.7389931626331365,2.914007414777062,2.914007414777062,2.731541633605957,2.9065279960632324,-0.0074794187138294,-0.0074794187138294,-0.007451529027179493,10_repeated,repeated,B_1200
TP,5,5,49,3.0970012439344456,3.2389974816125973,3.2389974816125973,3.0849802494049072,3.2311136722564697,-0.007883809356127536,-0.007883809356127536,-0.01202099452953842,10_repeated,repeated,B_1200
TP,6,6,49,3.390005947447126,3.5120063039033167,3.5120063039033167,3.378047227859497,3.4852144718170166,-0.026791832086300094,-0.026791832086300094,-0.011958719587628952,10_repeated,repeated,B_1200
TP,7,7,49,3.6419996484267703,3.74299829462569,3.74299829462569,3.6259467601776123,3.6931722164154053,-0.04982607821028484,-0.04982607821028484,-0.01605288824915796,10_repeated,repeated,B_1200
TP,8,9,49,3.847993434858241,3.9359967699209566,3.9359967699209566,3.8370063304901123,3.887878894805908,-0.04811787511504839,-0.04811787511504839,-0.010987104368128886,10_repeated,repeated,B_1200
TP,9,11,49,4.027004181035798,4.103997040925321,4.103997040925321,4.00422477722168,4.064219951629639,-0.03977708929568191,-0.03977708929568191,-0.022779403814118027,10_repeated,repeated,B_1200
TP,10,13,49,4.1739893307290865,4.2369944615009,4.2369944615009,4.154596328735352,4.207353591918945,-0.029640869581954554,-0.029640869581954554,-0.01939300199373495,10_repeated,repeated,B_1200
TP,11,15,49,4.303996086306344,4.3530000769066435,4.3530000769066435,4.2855448722839355,4.380000114440918,0.02700003753427449,0.02700003753427449,-0.018451214022408458,10_repeated,repeated,B_1200
TP,12,16,49,4.406000561540574,4.454012134159367,4.454012134159367,4.39278507232666,4.46999979019165,0.01598765603228358,0.01598765603228358,-0.013215489213913578,10_repeated,repeated,B_1200
TP,13,17,49,4.492005649586473,4.534009070101015,4.534009070101015,4.479801654815674,4.550000190734863,0.015991120633848332,0.015991120633848332,-0.012203994770799476,10_repeated,repeated,B_1200
TP,14,18,49,4.570004338511306,4.598006618854334,4.598006618854334,4.562192440032959,4.604488849639893,0.006482230785558762,0.006482230785558762,-0.007811898478347068,10_repeated,repeated,B_1200
FP,,8,61,,,,3.6275062561035156,3.640000104904175,,,,10_repeated,repeated,B_1200
FP,,10,61,,,,3.8391475677490234,3.9200000762939453,,,,10_repeated,repeated,B_1200
FP,,12,61,,,,4.005894660949707,4.090000152587891,,,,10_repeated,repeated,B_1200
FP,,14,61,,,,4.155442237854004,4.230000019073486,,,,10_repeated,repeated,B_1200
TP,0,0,49,0.5169961241492965,0.8699884713278603,0.8699884713278603,0.5066856145858765,0.864687979221344,-0.005300492106516286,-0.005300492106516286,-0.010310509563420056,10_repeated,repeated,C_3000
TP,1,1,49,1.2229942295602283,1.5209878450880459,1.5209878450880459,1.2154523134231567,1.511607050895691,-0.009380794192354935,-0.009380794192354935,-0.007541916137071558,10_repeated,repeated,C_3000
TP,2,2,49,1.815977384563738,2.066978667561876,2.066978667561876,1.8067502975463867,2.0534093379974365,-0.01356932956443968,-0.01356932956443968,-0.009227087017351199,10_repeated,repeated,C_3000
TP,3,3,49,2.3159817035431987,2.5289894711142304,2.5289894711142304,2.3070504665374756,2.51867413520813,-0.010315335906100565,-0.010315335906100565,-0.00893123700572307,10_repeated,repeated,C_3000
TP,4,4,49,2.7389931626331365,2.914007414777062,2.914007414777062,2.731541633605957,2.9065279960632324,-0.0074794187138294,-0.0074794187138294,-0.007451529027179493,10_repeated,repeated,C_3000
TP,5,5,49,3.0970012439344456,3.2389974816125973,3.2389974816125973,3.0849802494049072,3.2311136722564697,-0.007883809356127536,-0.007883809356127536,-0.01202099452953842,10_repeated,repeated,C_3000
TP,6,6,49,3.390005947447126,3.5120063039033167,3.5120063039033167,3.378047227859497,3.4852144718170166,-0.026791832086300094,-0.026791832086300094,-0.011958719587628952,10_repeated,repeated,C_3000
TP,7,7,49,3.6419996484267703,3.74299829462569,3.74299829462569,3.6259467601776123,3.6931722164154053,-0.04982607821028484,-0.04982607821028484,-0.01605288824915796,10_repeated,repeated,C_3000
TP,8,9,49,3.847993434858241,3.9359967699209566,3.9359967699209566,3.8370063304901123,3.887878894805908,-0.04811787511504839,-0.04811787511504839,-0.010987104368128886,10_repeated,repeated,C_3000
TP,9,11,49,4.027004181035798,4.103997040925321,4.103997040925321,4.00422477722168,4.064219951629639,-0.03977708929568191,-0.03977708929568191,-0.022779403814118027,10_repeated,repeated,C_3000
TP,10,13,49,4.1739893307290865,4.2369944615009,4.2369944615009,4.154596328735352,4.207353591918945,-0.029640869581954554,-0.029640869581954554,-0.01939300199373495,10_repeated,repeated,C_3000
TP,11,15,49,4.303996086306344,4.3530000769066435,4.3530000769066435,4.2855448722839355,4.380000114440918,0.02700003753427449,0.02700003753427449,-0.018451214022408458,10_repeated,repeated,C_3000
TP,12,16,49,4.406000561540574,4.454012134159367,4.454012134159367,4.39278507232666,4.46999979019165,0.01598765603228358,0.01598765603228358,-0.013215489213913578,10_repeated,repeated,C_3000
TP,13,17,49,4.492005649586473,4.534009070101015,4.534009070101015,4.479801654815674,4.550000190734863,0.015991120633848332,0.015991120633848332,-0.012203994770799476,10_repeated,repeated,C_3000
TP,14,18,49,4.570004338511306,4.598006618854334,4.598006618854334,4.562192440032959,4.604488849639893,0.006482230785558762,0.006482230785558762,-0.007811898478347068,10_repeated,repeated,C_3000
FP,,8,61,,,,3.6275062561035156,3.640000104904175,,,,10_repeated,repeated,C_3000
FP,,10,61,,,,3.8391475677490234,3.9200000762939453,,,,10_repeated,repeated,C_3000
FP,,12,61,,,,4.005894660949707,4.090000152587891,,,,10_repeated,repeated,C_3000
FP,,14,61,,,,4.155442237854004,4.230000019073486,,,,10_repeated,repeated,C_3000
TP,0,0,49,0.5169961241492965,0.8699884713278603,0.8699884713278603,0.5066856145858765,0.864687979221344,-0.005300492106516286,-0.005300492106516286,-0.010310509563420056,10_repeated,repeated,D_no_cap
TP,1,1,49,1.2229942295602283,1.5209878450880459,1.5209878450880459,1.2154523134231567,1.511607050895691,-0.009380794192354935,-0.009380794192354935,-0.007541916137071558,10_repeated,repeated,D_no_cap
TP,2,2,49,1.815977384563738,2.066978667561876,2.066978667561876,1.8067502975463867,2.0534093379974365,-0.01356932956443968,-0.01356932956443968,-0.009227087017351199,10_repeated,repeated,D_no_cap
TP,3,3,49,2.3159817035431987,2.5289894711142304,2.5289894711142304,2.3070504665374756,2.51867413520813,-0.010315335906100565,-0.010315335906100565,-0.00893123700572307,10_repeated,repeated,D_no_cap
TP,4,4,49,2.7389931626331365,2.914007414777062,2.914007414777062,2.731541633605957,2.9065279960632324,-0.0074794187138294,-0.0074794187138294,-0.007451529027179493,10_repeated,repeated,D_no_cap
TP,5,5,49,3.0970012439344456,3.2389974816125973,3.2389974816125973,3.0849802494049072,3.2311136722564697,-0.007883809356127536,-0.007883809356127536,-0.01202099452953842,10_repeated,repeated,D_no_cap
TP,6,6,49,3.390005947447126,3.5120063039033167,3.5120063039033167,3.378047227859497,3.4852144718170166,-0.026791832086300094,-0.026791832086300094,-0.011958719587628952,10_repeated,repeated,D_no_cap
TP,7,7,49,3.6419996484267703,3.74299829462569,3.74299829462569,3.6259467601776123,3.6931722164154053,-0.04982607821028484,-0.04982607821028484,-0.01605288824915796,10_repeated,repeated,D_no_cap
TP,8,9,49,3.847993434858241,3.9359967699209566,3.9359967699209566,3.8370063304901123,3.887878894805908,-0.04811787511504839,-0.04811787511504839,-0.010987104368128886,10_repeated,repeated,D_no_cap
TP,9,11,49,4.027004181035798,4.103997040925321,4.103997040925321,4.00422477722168,4.064219951629639,-0.03977708929568191,-0.03977708929568191,-0.022779403814118027,10_repeated,repeated,D_no_cap
TP,10,13,49,4.1739893307290865,4.2369944615009,4.2369944615009,4.154596328735352,4.207353591918945,-0.029640869581954554,-0.029640869581954554,-0.01939300199373495,10_repeated,repeated,D_no_cap
TP,11,15,49,4.303996086306344,4.3530000769066435,4.3530000769066435,4.2855448722839355,4.380000114440918,0.02700003753427449,0.02700003753427449,-0.018451214022408458,10_repeated,repeated,D_no_cap
TP,12,16,49,4.406000561540574,4.454012134159367,4.454012134159367,4.39278507232666,4.46999979019165,0.01598765603228358,0.01598765603228358,-0.013215489213913578,10_repeated,repeated,D_no_cap
TP,13,17,49,4.492005649586473,4.534009070101015,4.534009070101015,4.479801654815674,4.550000190734863,0.015991120633848332,0.015991120633848332,-0.012203994770799476,10_repeated,repeated,D_no_cap
TP,14,18,49,4.570004338511306,4.598006618854334,4.598006618854334,4.562192440032959,4.604488849639893,0.006482230785558762,0.006482230785558762,-0.007811898478347068,10_repeated,repeated,D_no_cap
FP,,8,61,,,,3.6275062561035156,3.640000104904175,,,,10_repeated,repeated,D_no_cap
FP,,10,61,,,,3.8391475677490234,3.9200000762939453,,,,10_repeated,repeated,D_no_cap
FP,,12,61,,,,4.005894660949707,4.090000152587891,,,,10_repeated,repeated,D_no_cap
FP,,14,61,,,,4.155442237854004,4.230000019073486,,,,10_repeated,repeated,D_no_cap
TP,0,0,48,0.7209916635639516,2.7159932053590503,2.9229794097720267,0.7402752041816711,2.8440260887145996,0.1280328833555493,-0.07895332105742714,0.01928354061771953,13_sustain,sustain,A_600
TP,0,0,48,0.7209916635639516,2.7159932053590503,2.9229794097720267,0.7402752041816711,2.8440260887145996,0.1280328833555493,-0.07895332105742714,0.01928354061771953,13_sustain,sustain,B_1200
TP,0,0,48,0.7209916635639516,2.7159932053590503,2.9229794097720267,0.7402752041816711,2.8440260887145996,0.1280328833555493,-0.07895332105742714,0.01928354061771953,13_sustain,sustain,C_3000
TP,0,0,48,0.7209916635639516,2.7159932053590503,2.9229794097720267,0.7402752041816711,2.8440260887145996,0.1280328833555493,-0.07895332105742714,0.01928354061771953,13_sustain,sustain,D_no_cap
TP,0,0,43,0.5179885421308024,1.514993104037599,1.514993104037599,0.5085691809654236,1.5190662145614624,0.004073110523863388,0.004073110523863388,-0.009419361165378781,16_chords,chords,A_600
TP,1,2,67,0.5179885421308024,1.5189895980712305,1.5189895980712305,0.5134027600288391,1.515573263168335,-0.0034163349028955015,-0.0034163349028955015,-0.004585782101963254,16_chords,chords,A_600
FP,,1,79,,,,0.5122467875480652,1.2100000381469727,,,,16_chords,chords,A_600
TP,0,0,43,0.5179885421308024,1.514993104037599,1.514993104037599,0.5085691809654236,1.5190662145614624,0.004073110523863388,0.004073110523863388,-0.009419361165378781,16_chords,chords,B_1200
TP,1,2,67,0.5179885421308024,1.5189895980712305,1.5189895980712305,0.5134027600288391,1.515573263168335,-0.0034163349028955015,-0.0034163349028955015,-0.004585782101963254,16_chords,chords,B_1200
FP,,1,79,,,,0.5122467875480652,1.2100000381469727,,,,16_chords,chords,B_1200
TP,0,0,43,0.5179885421308024,1.514993104037599,1.514993104037599,0.5085691809654236,1.5190662145614624,0.004073110523863388,0.004073110523863388,-0.009419361165378781,16_chords,chords,C_3000
TP,1,2,67,0.5179885421308024,1.5189895980712305,1.5189895980712305,0.5134027600288391,1.515573263168335,-0.0034163349028955015,-0.0034163349028955015,-0.004585782101963254,16_chords,chords,C_3000
FP,,1,79,,,,0.5122467875480652,1.2100000381469727,,,,16_chords,chords,C_3000
TP,0,0,43,0.5179885421308024,1.514993104037599,1.514993104037599,0.5085691809654236,1.5190662145614624,0.004073110523863388,0.004073110523863388,-0.009419361165378781,16_chords,chords,D_no_cap
TP,1,2,67,0.5179885421308024,1.5189895980712305,1.5189895980712305,0.5134027600288391,1.515573263168335,-0.0034163349028955015,-0.0034163349028955015,-0.004585782101963254,16_chords,chords,D_no_cap
FP,,1,79,,,,0.5122467875480652,1.2100000381469727,,,,16_chords,chords,D_no_cap
