case,category,pitch,gtOnset,keyRelease,pedalRelease,A,B,changed,keyImproved,keyWorsened,effectiveImproved,effectiveWorsened,newEarly,correctKeyCutEarly,sustainMovedEarlierAndWorsened
02_isolated,isolated,60,0.5199867891476181,2.521988901028474,2.521988901028474,2.549999952316284,0.5632020661234856,True,False,True,False,True,True,True,False
03_isolated,isolated,84,0.5340013403729362,2.5329993762016665,2.5329993762016665,4.1390625,0.5843797481060028,True,False,True,False,True,True,False,False
08_long,long,62,0.5139920480971709,12.507993674123355,12.507993674123355,6.5,0.5423905484378337,True,False,True,False,True,False,False,False
10_repeated,repeated,49,4.303996086306344,4.3530000769066435,4.3530000769066435,4.380000114440918,4.336797972619533,True,True,False,True,False,False,False,False
10_repeated,repeated,49,4.406000561540574,4.454012134159367,4.454012134159367,4.46999979019165,4.458659681677818,True,True,False,True,False,False,False,False
11_repeated,repeated,66,0.5139920480971709,0.8679902243110447,0.8679902243110447,0.8733826279640198,0.5543402102589607,True,False,True,False,True,True,True,False
11_repeated,repeated,66,1.224992476577044,1.5189895980712302,1.5189895980712302,1.5244778394699097,1.2611052843928336,True,False,True,False,True,True,True,False
11_repeated,repeated,66,1.8199738785973694,2.0719809906308178,2.0719809906308178,2.0771377086639404,1.8546302700042725,True,False,True,False,True,True,True,False
11_repeated,repeated,66,2.32098402661214,2.5299953001495408,2.5299953001495408,2.5299999713897705,2.351392919123173,True,False,True,False,True,True,True,False
11_repeated,repeated,66,2.736981504562517,2.9189829157383955,2.9189829157383955,2.9200000762939453,2.765010817348957,True,False,True,False,True,True,True,False
12_repeated,repeated,89,0.5239832831812494,0.8689960533463545,0.8689960533463545,1.2000000476837158,0.877828224003315,True,True,False,True,False,False,False,False
12_repeated,repeated,89,1.2229942295602283,1.5239785100863674,1.5239785100863674,1.5199999809265137,1.2616470344364643,True,False,True,False,True,True,True,False
12_repeated,repeated,89,1.8209797076326792,2.069982743614002,2.069982743614002,2.059999942779541,1.8570007225871086,True,False,True,False,True,True,True,False
12_repeated,repeated,89,2.318985779595325,2.527970231025117,2.527970231025117,2.5199999809265137,2.3653527036309243,True,False,True,False,True,True,True,False
12_repeated,repeated,89,2.738979751579333,2.9199887447737054,2.9199887447737054,2.9100000858306885,2.7666085574030874,True,False,True,False,True,True,True,False
12_repeated,repeated,89,3.0929779277932066,3.2419881466109195,3.2419881466109195,3.359999895095825,3.1227338027954104,True,False,True,False,True,True,False,False
12_repeated,repeated,89,3.3899925363933225,3.51899346293527,3.51899346293527,3.609999895095825,3.413218792974949,True,False,True,False,True,True,False,False
12_repeated,repeated,89,3.637989743339335,3.742984883571886,3.742984883571886,3.8299999237060547,3.6604679379984737,True,True,False,True,False,True,False,False
12_repeated,repeated,89,3.8549940049439986,3.9390008459730828,3.9390008459730828,4.0,3.868196651786566,True,False,True,False,True,True,False,False
12_repeated,repeated,89,4.027004181035799,4.103004622943816,4.103004622943816,4.150000095367432,4.043541807830334,True,False,True,False,True,True,True,False
12_repeated,repeated,89,4.499006219672232,4.534009070101017,4.534009070101017,6.203,6.194382120966911,True,True,False,True,False,False,False,False
15_sustain,sustain,90,0.7179875875118259,2.7169856233405563,2.9199887447737054,4.57,2.8432388055324553,True,True,False,True,False,True,False,False
17_chords,chords,62,0.5159902951139866,1.519982016052736,1.519982016052736,1.5499999523162842,0.5735403028130531,True,False,True,False,True,True,True,False
18_chords,chords,38,0.5169961241492965,1.160981516769921,1.160981516769921,1.159999966621399,0.552992947101593,True,False,True,False,True,True,True,False
21_music,music,64,1.4029705716116825,2.0149706009094515,2.0189670949430827,2.0399999618530273,2.025479845702648,True,True,False,True,False,False,False,False
21_music,music,67,1.4029705716116825,2.0139647718741416,2.0189670949430827,2.049999952316284,2.0277297465503215,True,True,False,True,False,False,False,False
21_music,music,72,1.4029705716116825,2.0149706009094515,2.0189670949430827,2.0399999618530273,2.0299912726099136,True,True,False,True,False,False,False,False
21_music,music,74,3.2369455903805657,3.841945049592578,3.845941543626209,3.890000104904175,3.8642569935321807,True,True,False,True,False,False,False,False
21_music,music,65,3.2389438373973816,3.841945049592578,3.845941543626209,3.880000114440918,3.262761953473091,True,False,True,False,True,True,True,True
21_music,music,67,4.4749467891476185,4.765953245643484,4.768943910641805,4.739999771118164,4.504007206261158,True,False,True,False,True,True,True,True
21_music,music,76,4.475952618182928,4.765953245643484,5.059950367137669,5.010000228881836,4.509110592156649,True,False,True,False,True,True,False,True
21_music,music,60,4.47894328318125,4.766945663624989,5.060942785119175,5.010000228881836,4.514875963926316,True,False,True,False,True,False,False,True
21_music,music,64,4.47894328318125,4.766945663624989,5.06294103213599,5.010000228881836,4.505843228697777,True,False,True,False,True,False,False,True
21_music,music,67,4.768943910641805,5.055940462050234,5.059950367137669,5.039999961853027,4.996437362134457,True,False,True,False,True,True,True,False
21_music,music,60,5.060942785119175,5.357943982665486,5.357943982665486,5.380000114440918,5.108800812363625,True,False,True,False,True,True,True,False
21_music,music,64,5.06294103213599,5.360934647663808,5.360934647663808,5.389999866485596,5.091628545224666,True,False,True,False,True,True,True,False
21_music,music,67,8.080937758110291,8.366915069429607,8.374921468550676,8.3100004196167,8.12671179562807,True,False,True,False,True,False,False,True
21_music,music,63,8.081930176091797,8.370924974517044,8.660912190923796,8.640000343322754,8.128254952430725,True,True,False,False,True,True,False,True
21_music,music,60,8.083928423108613,8.373915639515365,8.660912190923796,8.640000343322754,8.135832152962685,True,True,False,False,True,True,False,True
21_music,music,63,8.660912190923796,8.958919217505418,8.958919217505418,9.0,8.683920673131944,True,False,True,False,True,True,True,False
21_music,music,77,8.96190988250374,9.252916338999606,9.252916338999606,9.289999961853027,9.008143561780452,True,False,True,False,True,True,True,False
22_music,music,44,1.3679945432905058,1.5709842536698508,1.7919850093081455,1.8300000429153442,1.7766983804106713,True,True,False,True,False,False,False,False
22_music,music,61,2.829987162694174,3.040983272194586,3.040983272194586,3.069999933242798,2.8743759658932686,True,False,True,False,True,True,True,False
22_music,music,58,2.83097958067568,3.044993177282022,3.044993177282022,3.059999942779541,2.8733106982707977,True,False,True,False,True,True,True,False
22_music,music,44,6.410979927365943,6.616973713797415,6.785966402783285,6.809999942779541,6.733120576143265,True,True,False,False,True,True,False,False
22_music,music,51,6.620970207831046,6.823973329264196,6.823973329264196,6.880000114440918,6.7313126462697985,True,False,True,False,True,True,False,False
22_music,music,49,6.621976036866356,6.827969823297828,6.827969823297828,6.789999961853027,6.728001738041639,True,False,True,False,True,True,True,False
22_music,music,51,7.870960888698991,8.081956998199404,8.081956998199404,8.109999656677246,8.085167543888092,True,True,False,True,False,False,False,False
22_music,music,49,8.084961074251531,8.528960832544936,8.532957326578568,8.460000038146973,8.235541538894177,True,False,True,False,True,False,False,True
23_music,music,60,5.885132507705922,5.972143424787132,6.077151976073487,6.050000190734863,6.024309900403023,True,True,False,False,True,True,False,False
23_music,music,59,6.438150722373117,6.521165145420696,6.616155639515364,7.53000020980835,7.518537954688072,True,True,False,True,False,False,False,False
23_music,music,83,7.344174695272681,7.435182106387522,7.575180097048857,7.539999961853027,7.5208997812122105,True,True,False,False,True,True,False,False
23_music,music,43,9.077204712057856,11.877312046876423,11.877312046876423,11.680000305175781,10.358243021816016,True,False,True,False,True,False,False,False
24_music,music,39,2.0599646864223153,2.1649598266548664,2.3679495370342116,2.369999885559082,2.0693637120723722,True,True,False,False,True,True,False,True
24_music,music,67,2.1649598266548664,2.258957902768029,2.77093829279458,2.7799999713897705,2.7778802654147148,True,True,False,True,False,False,False,False
24_music,music,75,2.263946814783166,2.364945460982086,2.77093829279458,2.7799999713897705,2.775453495681286,True,True,False,True,False,False,False,False
24_music,music,58,3.1699305545213172,3.2649344596697896,3.2709292007202366,3.5,3.49022650802508,True,True,False,True,False,False,False,False
24_music,music,51,3.575923386333812,3.6699214624469745,3.8839216479995122,3.869999885559082,3.8535527205467224,True,True,False,False,True,False,False,False
24_music,music,84,3.8829158189642023,3.977933135166479,4.195916403698844,4.139999866485596,3.9292490115761756,True,True,False,False,True,False,False,True
24_music,music,67,4.922889397259439,5.031894442579426,5.140886076845608,5.079999923706055,5.062040469497442,True,True,False,False,True,False,False,False
24_music,music,69,5.647877554857018,5.744866295968503,5.749868619037445,5.760000228881836,5.669009131267667,True,False,True,False,True,True,True,True
24_music,music,69,5.949867664418468,6.045863987548446,6.049860481582077,6.050000190734863,5.994219011366368,True,False,True,False,True,True,True,True
24_music,music,77,6.344863432111572,6.441865584276861,6.665857004913476,6.630000114440918,6.38976629814133,True,True,False,False,True,True,False,True
24_music,music,41,6.949849480269779,7.051840544450204,7.264834900967431,7.210000038146973,6.982985731363296,True,True,False,False,True,False,False,True
24_music,music,69,7.4708286873989005,7.572819751579326,7.575823827631451,7.610000133514404,7.502549211382866,True,False,True,False,True,True,True,False
24_music,music,77,8.213814479201629,8.306793315225677,8.541795211035485,8.495016098022461,8.256047498881816,True,True,False,False,True,True,False,True
24_music,music,53,8.21680514419995,8.307799144260988,8.418789025543985,8.289999961853027,8.234975315332413,True,False,True,False,True,False,True,True
24_music,music,72,8.520793500778215,8.621805558030937,8.849780061647381,8.8100004196167,8.588414918482304,True,True,False,False,True,True,False,True
24_music,music,55,9.259769387493508,9.361773862727738,9.973760480971706,9.979999542236328,9.234872553646564,True,True,False,False,True,True,False,True
