case,category,mapsCategory,engine,ground_truth_notes,predicted_notes,TP,FP,FN,precision,recall,F1,onset_mae_ms,onset_median_abs_ms,onset_max_abs_ms,offset_mae_ms,offset_median_abs_ms,offset_max_abs_ms,sustain_offset_mae_ms,sustain_offset_median_abs_ms,sustain_offset_max_abs_ms,offset_gt250ms,offset_gt500ms,offset_gt1s,offset_early,offset_late,audio_end_exact,audio_end_near10ms,key_censored_matches,effective_censored_matches,changed_offsets,key_improved,key_worsened,effective_improved,effective_worsened,new_early,correct_key_cut_early,sustain_regression,runtime_seconds,peak_rss_mib
01_isolated,isolated,ISOL,bytedance,1,1,1,0,0,1.0,1.0,1.0,6.234505535099744,6.234505535099744,6.234505535099744,14.099211066773254,14.099211066773254,14.099211066773254,14.099211066773254,14.099211066773254,14.099211066773254,0,0,0,0,0,0,0,0,0,0,,,,,,,,8.471611900000426,856.2265625
01_isolated,isolated,ISOL,bytedance_B_offline,1,1,1,0,0,1.0,1.0,1.0,6.234505535099744,6.234505535099744,6.234505535099744,14.099211066773254,14.099211066773254,14.099211066773254,14.099211066773254,14.099211066773254,14.099211066773254,0,0,0,0,0,0,0,0,0,0,0,0,0,0,0,0,0,0,0
01_isolated,isolated,ISOL,basic_pitch,1,8,1,7,0,0.125,1.0,0.2222222222222222,40.28278741532931,40.28278741532931,40.28278741532931,21.569211086841733,21.569211086841733,21.569211086841733,21.569211086841733,21.569211086841733,21.569211086841733,0,0,0,0,0,0,0,0,0,0,,,,,,,,1.6616969000006065,498.51171875
02_isolated,isolated,ISOL,bytedance,1,1,1,0,0,1.0,1.0,1.0,2.638657171961989,2.638657171961989,2.638657171961989,28.01105128781023,28.01105128781023,28.01105128781023,28.01105128781023,28.01105128781023,28.01105128781023,0,0,0,0,0,0,0,0,0,0,,,,,,,,8.377852900000107,823.0625
02_isolated,isolated,ISOL,bytedance_B_offline,1,1,1,0,0,1.0,1.0,1.0,2.638657171961989,2.638657171961989,2.638657171961989,1958.7868349049884,1958.7868349049884,1958.7868349049884,1958.7868349049884,1958.7868349049884,1958.7868349049884,1,1,1,1,0,0,0,0,0,1,0,1,0,1,1,1,0,0,0
02_isolated,isolated,ISOL,basic_pitch,1,3,1,2,0,0.3333333333333333,1.0,0.5,2.4621904442186926,2.4621904442186926,2.4621904442186926,648.8188087220927,648.8188087220927,648.8188087220927,648.8188087220927,648.8188087220927,648.8188087220927,1,1,0,0,1,0,0,0,0,0,,,,,,,,0.0823804999999993,498.6640625
03_isolated,isolated,ISOL,bytedance,1,2,1,1,0,0.5,1.0,0.6666666666666666,0.23226927079389448,0.23226927079389448,0.23226927079389448,1606.0631237983332,1606.0631237983332,1606.0631237983332,1606.0631237983332,1606.0631237983332,1606.0631237983332,1,1,1,0,1,2,2,0,0,0,,,,,,,,8.827040999999554,824.62109375
03_isolated,isolated,ISOL,bytedance_B_offline,1,2,1,1,0,0.5,1.0,0.6666666666666666,0.23226927079389448,0.23226927079389448,0.23226927079389448,1948.6196280956638,1948.6196280956638,1948.6196280956638,1948.6196280956638,1948.6196280956638,1948.6196280956638,1,1,1,1,0,1,1,0,0,1,0,1,0,1,1,0,0,0,0
03_isolated,isolated,ISOL,basic_pitch,1,3,1,2,0,0.3333333333333333,1.0,0.5,23.277571191689606,23.277571191689606,23.277571191689606,884.382596156315,884.382596156315,884.382596156315,884.382596156315,884.382596156315,884.382596156315,1,1,0,1,0,0,0,0,0,0,,,,,,,,0.08840800000052695,502.30859375
04_isolated,isolated,ISOL,bytedance,1,2,1,1,0,0.5,1.0,0.6666666666666666,1.7410092661986898,1.7410092661986898,1.7410092661986898,92.00748810098247,92.00748810098247,92.00748810098247,92.00748810098247,92.00748810098247,92.00748810098247,0,0,0,0,1,0,0,0,0,0,,,,,,,,8.130441299999802,825.953125
04_isolated,isolated,ISOL,bytedance_B_offline,1,2,1,1,0,0.5,1.0,0.6666666666666666,1.7410092661986898,1.7410092661986898,1.7410092661986898,92.00748810098247,92.00748810098247,92.00748810098247,92.00748810098247,92.00748810098247,92.00748810098247,0,0,0,0,1,0,0,0,0,0,0,0,0,0,0,0,0,0,0
04_isolated,isolated,ISOL,basic_pitch,1,2,1,1,0,0.5,1.0,0.6666666666666666,0.5418856079069112,0.5418856079069112,0.5418856079069112,1844.6137221875865,1844.6137221875865,1844.6137221875865,1844.6137221875865,1844.6137221875865,1844.6137221875865,1,1,1,1,0,0,0,0,0,0,,,,,,,,0.08855270000003657,503.8359375
05_long,long,ISOL,bytedance,1,2,0,2,1,0.0,0.0,0.0,,,,,,,,,,0,0,0,0,0,0,0,0,0,0,,,,,,,,8.163217499999519,826.65234375
05_long,long,ISOL,bytedance_B_offline,1,2,0,2,1,0.0,0.0,0.0,,,,,,,,,,0,0,0,0,0,0,0,0,0,0,0,0,0,0,0,0,0,0,0
05_long,long,ISOL,basic_pitch,1,1,0,1,1,0.0,0.0,0.0,,,,,,,,,,0,0,0,0,0,0,0,0,0,0,,,,,,,,0.09931059999962599,506.6953125
06_long,long,ISOL,bytedance,1,1,1,0,0,1.0,1.0,1.0,7.741136043249552,7.741136043249552,7.741136043249552,460.00074266850976,460.00074266850976,460.00074266850976,460.00074266850976,460.00074266850976,460.00074266850976,1,0,0,0,1,0,0,0,0,0,,,,,,,,8.730355699999564,824.80859375
06_long,long,ISOL,bytedance_B_offline,1,1,1,0,0,1.0,1.0,1.0,7.741136043249552,7.741136043249552,7.741136043249552,460.00074266850976,460.00074266850976,460.00074266850976,460.00074266850976,460.00074266850976,460.00074266850976,1,0,0,0,1,0,0,0,0,0,0,0,0,0,0,0,0,0,0
06_long,long,ISOL,basic_pitch,1,4,1,3,0,0.25,1.0,0.4,12.151862932169966,12.151862932169966,12.151862932169966,4910.611483155963,4910.611483155963,4910.611483155963,4910.611483155963,4910.611483155963,4910.611483155963,1,1,1,1,0,0,0,0,0,0,,,,,,,,0.1382385000006252,508.359375
07_long,long,ISOL,bytedance,1,1,1,0,0,1.0,1.0,1.0,7.328429580662488,7.328429580662488,7.328429580662488,2084.9832215408455,2084.9832215408455,2084.9832215408455,2084.9832215408455,2084.9832215408455,2084.9832215408455,1,1,1,1,0,0,0,0,0,0,,,,,,,,24.34980059999998,830.94140625
07_long,long,ISOL,bytedance_B_offline,1,1,1,0,0,1.0,1.0,1.0,7.328429580662488,7.328429580662488,7.328429580662488,2084.9832215408455,2084.9832215408455,2084.9832215408455,2084.9832215408455,2084.9832215408455,2084.9832215408455,1,1,1,1,0,0,0,0,0,0,0,0,0,0,0,0,0,0,0
07_long,long,ISOL,basic_pitch,1,9,1,8,0,0.1111111111111111,1.0,0.19999999999999998,5.452855442540261,5.452855442540261,5.452855442540261,6946.36667037733,6946.36667037733,6946.36667037733,6946.36667037733,6946.36667037733,6946.36667037733,1,1,1,1,0,0,0,0,0,0,,,,,,,,0.21419669999977486,509.140625
08_long,long,ISOL,bytedance,1,2,1,1,0,0.5,1.0,0.6666666666666666,15.909618926562397,15.909618926562397,15.909618926562397,6007.993674123355,6007.993674123355,6007.993674123355,6007.993674123355,6007.993674123355,6007.993674123355,1,1,1,1,0,0,0,0,0,0,,,,,,,,24.452749200000653,841.90234375
08_long,long,ISOL,bytedance_B_offline,1,2,1,1,0,0.5,1.0,0.6666666666666666,15.909618926562397,15.909618926562397,15.909618926562397,11965.603125685522,11965.603125685522,11965.603125685522,11965.603125685522,11965.603125685522,11965.603125685522,1,1,1,1,0,0,0,0,0,1,0,1,0,1,0,0,0,0,0
08_long,long,ISOL,basic_pitch,1,2,1,1,0,0.5,1.0,0.6666666666666666,14.763023153860244,14.763023153860244,14.763023153860244,42.78460382857041,42.78460382857041,42.78460382857041,42.78460382857041,42.78460382857041,42.78460382857041,0,0,0,0,0,0,0,0,0,0,,,,,,,,0.2837273000004643,513.65234375
09_long,long,ISOL,bytedance,1,1,1,0,0,1.0,1.0,1.0,8.281267476595966,8.281267476595966,8.281267476595966,12052.990360430584,12052.990360430584,12052.990360430584,12052.990360430584,12052.990360430584,12052.990360430584,1,1,1,1,0,0,0,0,0,0,,,,,,,,43.06912379999994,846.31640625
09_long,long,ISOL,bytedance_B_offline,1,1,1,0,0,1.0,1.0,1.0,8.281267476595966,8.281267476595966,8.281267476595966,12052.990360430584,12052.990360430584,12052.990360430584,12052.990360430584,12052.990360430584,12052.990360430584,1,1,1,1,0,0,0,0,0,0,0,0,0,0,0,0,0,0,0
09_long,long,ISOL,basic_pitch,1,7,1,6,0,0.14285714285714285,1.0,0.25,43.286863467454914,43.286863467454914,43.286863467454914,1509.2726754802222,1509.2726754802222,1509.2726754802222,1509.2726754802222,1509.2726754802222,1509.2726754802222,1,1,1,1,0,0,0,0,0,0,,,,,,,,0.43661189999966155,515.8046875
10_repeated,repeated,ISOL,bytedance,15,19,15,4,0,0.7894736842105263,1.0,0.8823529411764706,12.555799185234743,11.958719587628952,22.779403814118027,20.90293127430689,15.987656032283581,49.82607821028484,20.90293127430689,15.987656032283581,49.82607821028484,0,0,0,0,0,0,0,0,0,0,,,,,,,,7.740523699999358,837.1484375
10_repeated,repeated,ISOL,bytedance_B_offline,15,19,15,4,0,0.7894736842105263,1.0,0.8823529411764706,12.555799185234743,11.958719587628952,22.779403814118027,19.427061823573794,13.56932956443968,49.82607821028484,19.427061823573794,13.56932956443968,49.82607821028484,0,0,0,0,0,0,0,0,0,2,2,0,2,0,0,0,0,0,0
10_repeated,repeated,ISOL,basic_pitch,15,14,12,2,3,0.8571428571428571,0.8,0.8275862068965518,5.715859361665604,5.2347188349097244,15.049648189403797,202.96691775810746,170.64259927598502,471.18605178167616,202.96691775810746,170.64259927598502,471.18605178167616,3,0,0,0,12,0,0,0,0,0,,,,,,,,0.1226953000004869,514.1171875
11_repeated,repeated,ISOL,bytedance,15,29,15,14,0,0.5172413793103449,1.0,0.6818181818181819,6.112609731123619,5.969164152038964,12.324437603802973,24.81750289735478,20.77189800681012,78.98413789476555,24.81750289735478,20.77189800681012,78.98413789476555,0,0,0,2,0,0,0,0,0,0,,,,,,,,9.858414799999991,823.8828125
11_repeated,repeated,ISOL,bytedance_B_offline,15,29,15,14,0,0.5172413793103449,1.0,0.6818181818181819,6.112609731123619,5.969164152038964,12.324437603802973,98.4441917568398,48.12239391460871,313.6500140520839,98.4441917568398,48.12239391460871,313.6500140520839,2,0,0,7,0,0,0,0,0,5,0,5,0,5,5,5,0,0,0
11_repeated,repeated,ISOL,basic_pitch,15,13,12,1,3,0.9230769230769231,0.8,0.8571428571428571,7.444617925216131,5.665418449940507,14.763023153860244,191.24109098342737,183.40778463233164,392.19494487533615,191.24109098342737,183.40778463233164,392.19494487533615,2,0,0,0,12,0,0,0,0,0,,,,,,,,0.12650420000045415,514.1328125
12_repeated,repeated,ISOL,bytedance,15,25,14,11,1,0.56,0.9333333333333333,0.7000000000000001,15.673072809805946,15.713293601912204,39.784006310433995,184.996556291058,53.99731322526647,1668.9909298989835,184.996556291058,53.99731322526647,1668.9909298989835,2,1,1,0,7,2,2,0,0,0,,,,,,,,18.59025339999971,814.66796875
12_repeated,repeated,ISOL,bytedance_B_offline,15,25,14,11,1,0.56,0.9333333333333333,0.7000000000000001,15.673072809805946,15.713293601912204,39.784006310433995,218.0241556561482,94.14580776686688,1660.3730508658946,218.0241556561482,94.14580776686688,1660.3730508658946,2,1,1,9,2,1,2,0,0,11,3,8,3,8,9,5,0,0,0
12_repeated,repeated,ISOL,basic_pitch,15,13,12,1,3,0.9230769230769231,0.8,0.8571428571428571,11.408258970706058,11.975945649925656,21.057800293656115,196.05183145450712,152.54167191052127,475.19595686911043,196.05183145450712,152.54167191052127,475.19595686911043,4,0,0,0,12,0,0,0,0,0,,,,,,,,0.1465909999997166,514.1328125
13_sustain,sustain,ISOL,bytedance,1,1,1,0,0,1.0,1.0,1.0,19.28354061771953,19.28354061771953,19.28354061771953,128.0328833555493,128.0328833555493,128.0328833555493,78.95332105742713,78.95332105742713,78.95332105742713,0,0,0,0,1,0,0,0,0,0,,,,,,,,9.546019200000046,825.0859375
13_sustain,sustain,ISOL,bytedance_B_offline,1,1,1,0,0,1.0,1.0,1.0,19.28354061771953,19.28354061771953,19.28354061771953,128.0328833555493,128.0328833555493,128.0328833555493,78.95332105742713,78.95332105742713,78.95332105742713,0,0,0,0,1,0,0,0,0,0,0,0,0,0,0,0,0,0,0
13_sustain,sustain,ISOL,basic_pitch,1,6,1,5,0,0.16666666666666666,1.0,0.2857142857142857,33.656862513145924,33.656862513145924,33.656862513145924,94.90520733936236,94.90520733936236,94.90520733936236,112.08099707361407,112.08099707361407,112.08099707361407,0,0,0,0,1,0,0,0,0,0,,,,,,,,0.088767000000189,514.1171875
14_sustain,sustain,ISOL,bytedance,1,1,1,0,0,1.0,1.0,1.0,2.6817823055270695,2.6817823055270695,2.6817823055270695,124.46285925456513,124.46285925456513,124.46285925456513,72.53211007433302,72.53211007433302,72.53211007433302,0,0,0,0,1,0,0,0,0,0,,,,,,,,9.519448799999736,825.27734375
14_sustain,sustain,ISOL,bytedance_B_offline,1,1,1,0,0,1.0,1.0,1.0,2.6817823055270695,2.6817823055270695,2.6817823055270695,124.46285925456513,124.46285925456513,124.46285925456513,72.53211007433302,72.53211007433302,72.53211007433302,0,0,0,0,1,0,0,0,0,0,0,0,0,0,0,0,0,0,0
14_sustain,sustain,ISOL,basic_pitch,1,3,1,2,0,0.3333333333333333,1.0,0.5,1.8310065924824759,1.8310065924824759,1.8310065924824759,402.3798540440171,402.3798540440171,402.3798540440171,205.38488471511894,205.38488471511894,205.38488471511894,1,0,0,0,1,0,0,0,0,0,,,,,,,,0.09211820000018633,514.1171875
15_sustain,sustain,ISOL,bytedance,1,1,1,0,0,1.0,1.0,1.0,5.570223391342499,5.570223391342499,5.570223391342499,1853.014376659444,1853.014376659444,1853.014376659444,1650.011255226295,1650.011255226295,1650.011255226295,1,1,1,0,1,1,1,0,0,0,,,,,,,,6.4483422000002975,827.41796875
15_sustain,sustain,ISOL,bytedance_B_offline,1,1,1,0,0,1.0,1.0,1.0,5.570223391342499,5.570223391342499,5.570223391342499,126.25318219189907,126.25318219189907,126.25318219189907,76.74993924125006,76.74993924125006,76.74993924125006,0,0,0,0,1,0,0,0,0,1,1,0,1,0,1,0,0,0,0
15_sustain,sustain,ISOL,basic_pitch,1,3,1,2,0,0.3333333333333333,1.0,0.5,9.778970731780579,9.778970731780579,9.778970731780579,1207.6885711863613,1207.6885711863613,1207.6885711863613,1410.6916926195104,1410.6916926195104,1410.6916926195104,1,1,1,1,0,0,0,0,0,0,,,,,,,,0.08954889999949955,514.12109375
16_chords,chords,UCHO,bytedance,2,3,2,1,0,0.6666666666666666,1.0,0.8,7.0025716336710175,7.0025716336710175,9.419361165378781,3.7447227133794447,3.7447227133794447,4.073110523863388,3.7447227133794447,3.7447227133794447,4.073110523863388,0,0,0,0,0,0,0,0,0,0,,,,,,,,6.265712200000053,827.91796875
16_chords,chords,UCHO,bytedance_B_offline,2,3,2,1,0,0.6666666666666666,1.0,0.8,7.0025716336710175,7.0025716336710175,9.419361165378781,3.7447227133794447,3.7447227133794447,4.073110523863388,3.7447227133794447,3.7447227133794447,4.073110523863388,0,0,0,0,0,0,0,0,0,0,0,0,0,0,0,0,0,0,0
16_chords,chords,UCHO,basic_pitch,2,6,2,4,0,0.3333333333333333,1.0,0.5,5.804988662131527,5.804988662131527,7.149539863228638,332.8826007583123,332.8826007583123,532.1415255088722,332.8826007583123,332.8826007583123,532.1415255088722,1,1,0,1,1,0,0,0,0,0,,,,,,,,0.10007839999980206,514.12109375
17_chords,chords,UCHO,bytedance,3,5,3,2,0,0.6,1.0,0.7499999999999999,0.8947859429379404,0.8947464218399537,1.7838695626796186,25.591675256071053,30.017936263548208,32.92288718124126,25.591675256071053,30.017936263548208,32.92288718124126,0,0,0,0,0,0,0,0,0,0,,,,,,,,6.334602200000518,827.9765625
17_chords,chords,UCHO,bytedance_B_offline,3,5,3,2,0,0.6,1.0,0.7499999999999999,0.8947859429379404,0.8947464218399537,1.7838695626796186,331.06626758144927,32.92288718124126,946.4417132396828,331.06626758144927,32.92288718124126,946.4417132396828,1,1,0,1,0,0,0,0,0,1,0,1,0,1,1,1,0,0,0
17_chords,chords,UCHO,basic_pitch,3,5,3,2,0,0.6,1.0,0.7499999999999999,5.1220494487049795,5.452855442540261,6.458684477850141,166.99941206172235,233.1245599109828,266.9486628484621,166.99941206172235,233.1245599109828,266.9486628484621,1,0,0,0,2,0,0,0,0,0,,,,,,,,0.10153599999921425,514.12109375
18_chords,chords,RAND,bytedance,2,2,2,0,0,1.0,1.0,1.0,5.561509813938548,5.561509813938548,7.3181775817611205,1.9988822255483374,1.9988822255483374,3.0162143025747046,1.9988822255483374,1.9988822255483374,3.0162143025747046,0,0,0,0,0,0,0,0,0,0,,,,,,,,6.751698199999737,827.41796875
18_chords,chords,RAND,bytedance_B_offline,2,2,2,0,0,1.0,1.0,1.0,5.561509813938548,5.561509813938548,7.3181775817611205,305.5023919854513,305.5023919854513,607.988569668328,305.5023919854513,305.5023919854513,607.988569668328,1,1,0,1,0,0,0,0,0,1,0,1,0,1,1,1,0,0,0
18_chords,chords,RAND,basic_pitch,2,4,2,2,0,0.5,1.0,0.6666666666666666,4.956646451787394,4.956646451787394,5.452855442540261,133.51473922902503,133.51473922902503,185.77585284459164,133.51473922902503,133.51473922902503,185.77585284459164,0,0,0,1,1,0,0,0,0,0,,,,,,,,0.06331490000047779,514.1328125
19_chords,chords,RAND,bytedance,3,5,3,2,0,0.6,1.0,0.7499999999999999,3.7313696055646015,2.788286130192441,7.17167001089869,139.71327690086216,8.450594013558854,403.99435773796813,139.71327690086216,8.450594013558854,403.99435773796813,1,0,0,1,0,0,0,0,0,0,,,,,,,,6.143272299999808,827.79296875
19_chords,chords,RAND,bytedance_B_offline,3,5,3,2,0,0.6,1.0,0.7499999999999999,3.7313696055646015,2.788286130192441,7.17167001089869,139.71327690086216,8.450594013558854,403.99435773796813,139.71327690086216,8.450594013558854,403.99435773796813,1,0,0,1,0,0,0,0,0,0,0,0,0,0,0,0,0,0,0
19_chords,chords,RAND,basic_pitch,3,7,2,5,1,0.2857142857142857,0.6666666666666666,0.4,6.301197652884394,6.301197652884394,7.149539863228527,126.60343297384469,126.60343297384469,149.32717863161793,126.60343297384469,126.60343297384469,149.32717863161793,0,0,0,0,2,0,0,0,0,0,,,,,,,,0.06837309999991703,514.13671875
20_music,music,MUS,bytedance,71,75,66,9,5,0.88,0.9295774647887324,0.9041095890410958,18.50988518632416,16.76663633005049,47.13856676932559,421.12854410349206,223.6907348699404,1873.7756001128237,173.35468527391518,64.72772911741708,1467.9311358931004,28,25,6,24,27,0,0,0,0,0,,,,,,,,17.408556300000782,833.6015625
20_music,music,MUS,bytedance_B_offline,71,75,66,9,5,0.88,0.9295774647887324,0.9041095890410958,18.50988518632416,16.76663633005049,47.13856676932559,421.12854410349206,223.6907348699404,1873.7756001128237,173.35468527391518,64.72772911741708,1467.9311358931004,28,25,6,24,27,0,0,0,0,0,0,0,0,0,0,0,0,0,0
20_music,music,MUS,basic_pitch,71,62,43,19,28,0.6935483870967742,0.6056338028169014,0.6466165413533835,18.63493099611806,19.12111009867168,45.73368635982567,224.54851534571236,169.82765455566252,836.1319394609632,443.7742473560453,264.59981781903207,1441.1313986729758,14,3,0,27,8,0,0,0,0,0,,,,,,,,0.32601919999979145,515.44140625
21_music,music,MUS,bytedance,83,109,81,28,2,0.7431192660550459,0.9759036144578314,0.84375,9.914227149366816,7.665053032166469,41.75341746473116,63.970455337832895,22.892507854388455,415.4799961911249,54.22727499970907,21.97549775747154,419.48990127856024,3,0,0,17,6,0,0,0,0,0,,,,,,,,17.4184879000004,841.60546875
21_music,music,MUS,bytedance_B_offline,83,109,81,28,2,0.7431192660550459,0.9759036144578314,0.84375,9.914227149366816,7.665053032166469,41.75341746473116,86.51140158572042,21.964747344744183,579.183096119487,108.10927508460338,21.97549775747154,583.1795901531183,8,1,0,29,1,0,0,0,0,17,6,11,4,13,10,7,8,0,0
21_music,music,MUS,basic_pitch,83,72,67,5,16,0.9305555555555556,0.8072289156626506,0.864516129032258,10.024820457208165,8.087994008683541,44.754578556341684,77.70241327778007,16.973635398763065,945.2793963729484,95.27792814097747,17.979464434073833,944.2735673376386,5,2,0,11,9,0,0,0,0,0,,,,,,,,0.32466310000017984,515.44140625
22_music,music,MUS,bytedance,76,92,57,35,19,0.6195652173913043,0.75,0.6785714285714286,23.405285620921635,24.715199045524994,49.26505407655668,137.72377616860692,81.9602130215209,454.03563828531367,94.26421764193249,50.97960928590961,512.9534574396129,10,0,0,13,24,0,0,0,0,0,,,,,,,,17.661427199999707,838.6875
22_music,music,MUS,bytedance_B_offline,76,92,57,35,19,0.6195652173913043,0.75,0.6785714285714286,23.405285620921635,24.715199045524994,49.26505407655668,145.8350715671783,115.03310754082818,454.03563828531367,104.76612551550365,63.98323725147481,512.9534574396129,10,0,0,17,23,0,0,0,0,11,3,5,2,6,5,3,1,0,0
22_music,music,MUS,basic_pitch,76,67,50,17,26,0.746268656716418,0.6578947368421053,0.6993006993006994,23.067855372492332,21.655864538509427,48.75117346575575,166.63860025218915,66.45295990303612,585.0639279259414,142.35186788449997,65.23687225968855,574.807283092115,14,3,0,9,22,0,0,0,0,0,,,,,,,,0.3320389000000432,515.59765625
23_music,music,MUS,bytedance,119,130,118,12,1,0.9076923076923077,0.9915966386554622,0.9477911646586346,4.908433355230789,4.52075934463636,17.22824549414881,567.9509234392857,427.9928847988035,2679.079553856812,171.87854525690395,54.982705538847654,2679.079553856812,73,55,24,10,99,0,0,0,0,0,,,,,,,,17.799303599999803,839.06640625
23_music,music,MUS,bytedance_B_offline,119,130,118,12,1,0.9076923076923077,0.9915966386554622,0.9477911646586346,4.908433355230789,4.52075934463636,17.22824549414881,578.6755383313775,440.25775376826215,2679.079553856812,183.36232067395605,54.982705538847654,2679.079553856812,74,56,24,10,99,0,0,0,0,4,3,1,1,3,2,0,0,0,0
23_music,music,MUS,basic_pitch,119,50,41,9,78,0.82,0.3445378151260504,0.48520710059171596,8.751781802322492,6.50139351389889,40.9554500874556,251.27525664335755,159.55816908319952,2364.9460677869383,568.7165539496275,455.3551506766613,2368.9425618205696,9,2,2,3,36,0,0,0,0,0,,,,,,,,0.32366949999959616,515.44140625
24_music,music,MUS,bytedance,169,170,154,16,15,0.9058823529411765,0.9112426035502958,0.9085545722713865,16.38979360158704,14.018787713690362,44.922776470558645,176.6949679484457,134.64900162833038,726.0298863116273,70.81226172449699,62.350540791477286,610.7459386095684,38,11,0,5,101,0,0,0,0,0,,,,,,,,17.391632400000162,838.8515625
24_music,music,MUS,bytedance_B_offline,169,170,154,16,15,0.9058823529411765,0.9112426035502958,0.9085545722713865,16.38979360158704,14.018787713690362,44.922776470558645,169.64125678662322,124.3133243698864,726.0298863116273,86.436008232304,67.92908500790207,738.8879273251412,37,10,0,14,94,0,0,0,0,17,12,4,3,13,8,4,10,0,0
24_music,music,MUS,basic_pitch,169,98,85,13,84,0.8673469387755102,0.5029585798816568,0.6367041198501873,15.696915564632185,13.563200413114318,44.23344857703615,169.3833493301073,145.23492904446522,1013.3612180082547,122.32792425345747,83.61345843015312,504.371492980022,9,4,1,0,76,0,0,0,0,0,,,,,,,,0.32044889999997395,515.4453125
TOTAL,chords,,bytedance,10,15,10,5,0,0.6666666666666666,1.0,0.8,3.9006629540726756,3.296564088154208,9.419361165378781,50.740206634865515,7.572736482309161,403.99435773796813,50.740206634865515,7.572736482309161,403.99435773796813,1,0,0,1,0,0,0,0,0,0,0,0,0,0,0,0,0,25.495284900000115,827.9765625
TOTAL,chords,,basic_pitch,10,22,9,13,1,0.4090909090909091,0.9,0.5625000000000001,5.499090431080174,5.452855442540261,7.149539863228638,187.44442023417014,149.32717863161793,532.1415255088722,187.44442023417014,149.32717863161793,532.1415255088722,2,1,0,2,6,0,0,0,0,0,0,0,0,0,0,0,0,0.33330239999941114,514.13671875
TOTAL,chords,,bytedance_B_offline,10,15,10,5,0,0.6666666666666666,1.0,0.8,3.9006629540726756,3.296564088154208,9.419361165378781,203.08328628445958,11.142398168491274,946.4417132396828,203.08328628445958,11.142398168491274,946.4417132396828,3,2,0,3,0,0,0,0,0,2,0,2,0,2,2,2,0,0,0
TOTAL,isolated,,bytedance,4,6,4,2,0,0.6666666666666666,1.0,0.8,2.711610311013579,2.1898332190803393,6.234505535099744,435.0452185634748,60.00926969439635,1606.0631237983332,435.0452185634748,60.00926969439635,1606.0631237983332,1,1,1,0,2,2,2,0,0,0,0,0,0,0,0,0,0,33.80694709999989,856.2265625
TOTAL,isolated,,basic_pitch,4,16,4,12,0,0.25,1.0,0.4,16.64110866478613,12.869880817954149,40.28278741532931,849.846084538209,766.6007024392038,1844.6137221875865,849.846084538209,766.6007024392038,1844.6137221875865,3,3,1,2,1,0,0,0,0,0,0,0,0,0,0,0,0,1.9210381000011694,503.8359375
TOTAL,isolated,,bytedance_B_offline,4,6,4,2,0,0.6666666666666666,1.0,0.8,2.711610311013579,2.1898332190803393,6.234505535099744,1003.378290542102,1020.3135580983231,1958.7868349049884,1003.378290542102,1020.3135580983231,1958.7868349049884,2,2,2,2,1,1,1,0,0,2,0,2,0,2,2,1,0,0,0
TOTAL,long,,bytedance,5,7,4,3,1,0.5714285714285714,0.8,0.6666666666666666,9.8151130067676,8.01120175992276,15.909618926562397,5151.491999690824,4046.4884478321005,12052.990360430584,5151.491999690824,4046.4884478321005,12052.990360430584,4,3,3,3,1,0,0,0,0,0,0,0,0,0,0,0,0,108.76524679999966,846.31640625
TOTAL,long,,basic_pitch,5,23,4,19,1,0.17391304347826086,0.8,0.2857142857142857,18.913651249006346,13.457443043015104,43.286863467454914,3352.2588582105213,3209.9420793180925,6946.36667037733,3352.2588582105213,3209.9420793180925,6946.36667037733,3,3,3,3,0,0,0,0,0,0,0,0,0,0,0,0,0,1.172085000000152,515.8046875
TOTAL,long,,bytedance_B_offline,5,7,4,3,1,0.5714285714285714,0.8,0.6666666666666666,9.8151130067676,8.01120175992276,15.909618926562397,6640.894362581365,7025.293173613184,12052.990360430584,6640.894362581365,7025.293173613184,12052.990360430584,4,3,3,3,1,0,0,0,0,1,0,1,0,1,0,0,0,0,0
TOTAL,music,,bytedance,518,576,476,100,42,0.8263888888888888,0.918918918918919,0.870201096892139,13.575692126786297,10.16674454228439,49.26505407655668,283.7302102199619,141.84026838396625,2679.079553856812,110.07066292968948,53.88120505498462,2679.079553856812,152,91,30,69,257,0,0,0,0,0,0,0,0,0,0,0,0,87.67940740000085,841.60546875
TOTAL,music,,basic_pitch,518,349,286,63,232,0.8194842406876791,0.5521235521235521,0.6597462514417531,15.102862409019574,12.276660141518514,48.75117346575575,167.4596086626683,105.69961039005405,2364.9460677869383,231.81384436873796,85.03823010084011,2368.9425618205696,51,14,3,50,151,0,0,0,0,0,0,0,0,0,0,0,0,1.6268395999995846,515.59765625
TOTAL,music,,bytedance_B_offline,518,576,476,100,42,0.8263888888888888,0.918918918918919,0.870201096892139,13.575692126786297,10.16674454228439,49.26505407655668,288.9138100563982,143.13081551634443,2679.079553856812,128.39879994037105,56.61292644660065,2679.079553856812,157,92,30,94,244,0,0,0,0,49,24,21,10,35,25,14,19,0,0
TOTAL,repeated,,bytedance,45,73,44,29,1,0.6027397260273972,0.9777777777777777,0.7457627118644068,11.35111711551497,9.819434064205657,39.784006310433995,74.44905228749403,24.050798780529405,1668.9909298989835,74.44905228749403,24.050798780529405,1668.9909298989835,2,1,1,2,7,2,2,0,0,0,0,0,0,0,0,0,0,36.18919189999906,837.1484375
TOTAL,repeated,,basic_pitch,45,40,36,4,9,0.9,0.8,0.8470588235294118,8.189578752529265,6.4730886136409875,21.057800293656115,196.75328006534733,168.15484879531817,475.19595686911043,196.75328006534733,168.15484879531817,475.19595686911043,9,0,0,0,36,0,0,0,0,0,0,0,0,0,0,0,0,0.39579050000065763,514.1328125
TOTAL,repeated,,bytedance_B_offline,45,73,44,29,1,0.6027397260273972,0.9777777777777777,0.7457627118644068,11.35111711551497,9.819434064205657,39.784006310433995,109.55470415664269,42.901463137327234,1660.3730508658946,109.55470415664269,42.901463137327234,1660.3730508658946,4,1,1,16,2,1,2,0,0,18,5,13,5,13,14,10,0,0,0
TOTAL,sustain,,bytedance,3,3,3,0,0,1.0,1.0,1.0,9.178515438196367,5.570223391342499,19.28354061771953,701.8367064231862,128.0328833555493,1853.014376659444,600.498895452685,78.95332105742713,1650.011255226295,1,1,1,0,3,1,1,0,0,0,0,0,0,0,0,0,0,25.51381020000008,827.41796875
TOTAL,sustain,,basic_pitch,3,12,3,9,0,0.25,1.0,0.4,15.088946612469659,9.778970731780579,33.656862513145924,568.3245441899135,402.3798540440171,1207.6885711863613,576.0525248027478,205.38488471511894,1410.6916926195104,2,1,1,1,2,0,0,0,0,0,0,0,0,0,0,0,0,0.2704340999998749,514.12109375
TOTAL,sustain,,bytedance_B_offline,3,3,3,0,0,1.0,1.0,1.0,9.178515438196367,5.570223391342499,19.28354061771953,126.24964160067117,126.25318219189907,128.0328833555493,76.0784567910034,76.74993924125006,78.95332105742713,0,0,0,0,3,0,0,0,0,1,1,0,1,0,1,0,0,0,0
TOTAL,TOTAL,,bytedance,585,680,541,139,44,0.7955882352941176,0.9247863247863248,0.8553359683794466,13.083415294934152,9.275188105199561,49.26505407655668,301.8306828539501,117.11141532868919,12052.990360430584,148.47401382792205,50.97960928590961,12052.990360430584,161,97,36,75,270,5,5,0,0,0,0,0,0,0,0,0,0,317.44988829999966,856.2265625
TOTAL,TOTAL,,basic_pitch,585,462,342,120,243,0.7402597402597403,0.5846153846153846,0.6532951289398281,14.18485724398524,10.951118513060631,48.75117346575575,219.81567060101702,122.85206774528223,6946.36667037733,273.7001599395387,123.00428556411624,6946.36667037733,70,22,8,58,196,0,0,0,0,0,0,0,0,0,0,0,0,5.7194897000008496,515.8046875
TOTAL,TOTAL,,bytedance_B_offline,585,680,541,139,44,0.7955882352941176,0.9247863247863248,0.8553359683794466,13.083415294934152,9.275188105199561,49.26505407655668,324.0851256374829,128.0328833555493,12052.990360430584,182.57743918709866,56.477896194685684,12052.990360430584,170,100,36,118,251,2,3,0,0,73,30,39,16,53,44,27,19,0,0
